DB Name,Table Name,LRF Layout,LRF Path,LRF Name,MF Script
NETWORK,TCCN206_ACCESS_METHOD,NA,NA,,INCCN206
NETWORK,TCCN207_LINE_RANGE,NA,NA,,INCCN207
NETWORK,TCTN108_TRUNK_GROUP,"1,10,11,11,2,2,2,2,7,10,10,1,8,10,1,22",/cfs/app/etl_p81/edw_apps_p81/edwntk|/files/srcfiles/monthly/sfload,DWPC.TCTN108.NDMFILE.SFK.*.DAT,FLCTN108
NETWORK,TCTN109_TRUNK_GROUP_FORECAST,"1,10,4,8,10,10,11,11,2,2,2,2,7,9,21",/cfs/app/etl_p81/edw_apps_p81/edwntk|/files/srcfiles/monthly/sfload,DWPC.TCTN109.NDMFILE.SFK.*.DAT,FLCTN109
NETWORK,TCTN206_TIRKS_RSPNSBL_RPTG_OFC,"1,4,1,3,8,1,1,1,1,1,1,1,11,8,8,8,8,8,2,1,1,1,1,1,1,1,1,1,1,1,1,1,1,1,1,1,1,1,1,1,1,1,1,1,1,1,1,1,1,1,1,1,1,1,1,1,1,1,1,1,1,1,1,1,1,1,1,1,1,1,1,1,1,1,1,1,1,1,1,1,1,1,1,1,1,3,3,3,3,3,3,3,3,3,3,1,1,1,1,1,1,1,1,1,1,1,1,1,1,1,1,1,1,1,1,1,1,1,1,20,3,25,3,25,3,25,3,25,3,25,3,25,3,25,3,25",/cfs/app/etl_p81/edw_apps_p81/edwntk|/files/srcfiles/daily/sfload,"DWPC.TZDWRR1.B.TCTN206.NDMFILE.SFK.*.DAT
DWPC.TZDWRR1.P.TCTN206.NDMFILE.SFK.*.DAT
DWPC.TZDWRR1.S.TCTN206.NDMFILE.SFK.*.DAT","MLATN206
MLBTN206
MLPTN206
MLSTN206"
NETWORK,TCTN732_TIRKS_CABLE_MAKEUP,"1,4,1,2,11,11,10,5,3,2,2,6,6,3,3,4,4,3,1,1,4,3,2,4,6,30,7",/cfs/app/etl_p81/edw_apps_p81/edwntk|/files/srcfiles/daily/sfload,"DWPC.TZDWTCX.A.TCTN732.NDMFILE.SFK.*.DAT
DWPC.TZDWTCX.B.TCTN732.NDMFILE.SFK.*.DAT
DWPC.TZDWTCX.P.TCTN732.NDMFILE.SFK.*.DAT
DWPC.TZDWTCX.S.TCTN732.NDMFILE.SFK.*.DAT","MLATN732
MLBTN732
MLPTN732
MLSTN732
"
NETWORK,TCTN846_NETWORK_ACCT_TEST_CASE,"1,15,15,19,19,1",/cfs/app/etl_p81/edw_apps_p81/edwntk|/files/srcfiles/daily/sfload,DWPC.DW400E0C.C.TCTN846.NDMFILE.SFK.*.DAT,MLCTN846
NETWORK,TCTN847_NETWORK_ACCT_TST_RSLT,"01, 15, 15, 19, 19, 15, 128, 2000, 19, 12, 15",/cfs/app/etl_p81/edw_apps_p81/edwntk/files/srcfiles/daily/sfload,DWPC.DW400E0C.C.TCTN847.NDMFILE.SFK.*.DAT,MLCTN847
NETWORK,TCTN848_TEST_CASE_PROBLEM,"1,15,15,19,19,15,128,128,10",/cfs/app/etl_p81/edw_apps_p81/edwntk/files/srcfiles/daily/sfload,DWPC.DW403E0C.C.TCTN848.NDMFILE.SFK.*.DAT,MLCTN848
USAGE,T86101_ACCESS_USAGE,"1,13,8,11,4,1,2,8,1,4,1,1,1,5,1,1,13,1,11,4,12,8,10,1,1,1,1,1,3,3,12,15,13,8,8,8,8,1,13,1,8,8,11,11,11,3,11,1,11,1,1,1,1,1,1,1,11,8,4,7,1,2,1,1,1,13,13,7,7,2,4,3,5,11,5,1,4,12,12,12,12,12,12,12,12,12,4,1,41,1,6,2,1,1,6,2,3,1,1,8,2,1,1,14",/cfs/app/etl_p26/ecdw_apps_p26/edwusg/files/srcfiles/weekly/sfload,"DWPC.DW70011A.C.T86101.NDMFILE.SFK.*.DAT
",LDM86101
USAGE,T86102_ACCESS_USAGE_STATISTICS,"1,13,8,11,4,1,8,1,2,5,1,1,2,8,10,12,12,12,1,3,3,3,3,1,3,5,1,1,8,8,7,1,2,1,5,1,4,4,1,4,1,1,6,1,1,2,3,1,1,1,2,8,1,1,56",/cfs/app/etl_p26/ecdw_apps_p26/edwusg/files/srcfiles/weekly/sfload,"DWPC.DW70011A.C.T86102.NDMFILE.SFK.*.DAT
",LDM86102
USAGE,T86200_LSP_EXCHANGE_MESSAGE,"4,2,1,1,2,2,2,6,2,3,3,4,3,2,3,3,4,1,5,4,5,6,7,2,2,3,5,1,3,1,1,24,3,3,3,4,23,2,1,63,8,3,5,2,9",/cfs/app/etl_p26/ecdw_apps_p26/edwusg/files/srcfiles/weekly/sfload,"DWPC.T86200.NDMFILE.SFK.*.DAT
",LDM86200
USAGE,T86210_USAGE_DETAIL,"1,3,3,4,3,4,6,2,1,1,4,1,1,4,2,3,3,4,5,15,3,3,4,5,15,8,2,2,2,3,1,1,1,1,1,1,1,1,1,1,1,1,1,5,3,3,4,7,9,7,1,9,7,1,9,1,5,7,1,9,7,1,1,1,2,1,11,3,1,5,9,5,9,3,3,4,4,6,2,10,3,6,4,8,5,6,5,2,5,19",/cfs/app/etl_p26/ecdw_apps_p26/edwusg/files/srcfiles/monthly/sfload,"DWPC.T86210.NDMFILE.SFK.*.DAT
",MLT86210
USAGE,T86220_USAGE_SUMMARY,"1,3,4,3,3,4,3,7,6,2,1,1,4,1,1,8,11,11,11,9,9,9,11,11,1,7,1,3,3,4,5,11,10,10,10,10,10,6,6,4,4,3,3,4,4,2,10,10,10,1,3,4,56",/cfs/app/etl_p26/ecdw_apps_p26/edwusg/files/srcfiles/monthly/sfload,"DWPC.T86220M.NDMFILE.SFK.*.DAT
",LDM86220
USAGE,T86230_USAGE_RAP,"1,3,3,4,3,7,6,2,1,1,1,1,4,1,1,6,8,7,11,3,3,3,4,3,3,4,4,2,66",/cfs/app/etl_p26/ecdw_apps_p26/edwusg/files/srcfiles/monthly/sfload,"DWPC.T86230M.NDMFILE.SFK.*.DAT
",LDM86230
USAGE,T86B01_ACCESS_USAGE,"1,13,8,11,4,1,2,8,1,4,1,1,1,5,1,1,13,1,11,4,12,8,10,1,1,1,1,1,3,3,12,15,13,8,8,8,8,1,13,1,8,8,11,11,11,3,11,1,11,1,1,1,1,1,1,1,11,8,4,7,1,2,1,1,1,13,13,7,7,2,4,3,5,11,5,1,4,12,12,12,12,12,12,12,12,12,4,1,41,1,6,2,12,1,1,1,8,2,1,1,14",/cfs/app/etl_p26/ecdw_apps_p26/edwusg/files/srcfiles/weekly/sfload,"DWPC.DW795A0C.P.T86B01.NDMFILE.SFK.*.DAT
",LDM86B01
USAGE,TUCU220_USAGE_SUMMARY,"1,3,4,3,3,4,3,7,6,2,1,1,4,1,1,8,9,11,11,8,8,8,10,9,1,5,1,3,3,4,5,10,9,11,10,9,11,7,7,4,4,10,4,2,10,11,11,1,3,4,8,5,6,2,30",/cfs/app/etl_p26/ecdw_apps_p26/edwusg/files/srcfiles/daily/sfload,DWPC.TUCU220.NDMFILE.SFK.*.DAT,MLUCU220
USAGE,TUCU230_USAGE_RAP,"1,3,3,4,3,7,6,2,1,1,1,1,4,1,1,6,8,7,11,3,3,3,4,10,4,2,3,10,8,5,6,2,27",/cfs/app/etl_p26/ecdw_apps_p26/edwusg/files/srcfiles/daily/sfload,DWPC.TUCU230.NDMFILE.SFK.*.DAT,MLUCU230
USAGE,TUTU007_ACCESS_USAGE_STATS,"1,13,8,11,4,1,8,1,2,5,1,1,2,8,10,11,11,11,1,3,3,3,3,1,3,5,1,1,8,8,7,1,2,1,5,1,4,4,1,4,1,1,6,1,1,2,2,1,1,1,69",/cfs/app/etl_p26/ecdw_apps_p26/edwusg/files/srcfiles/monthly/sfload,DWPC.DW70011A.TUTU007.NDMFILE.SFK.*.DAT,MLUTU007
USAGE,TUTU008_ACCESS_USAGE,"1,13,8,11,4,1,2,8,1,4,1,1,1,5,1,1,16,1,11,4,11,8,10,1,1,1,1,1,3,3,11,22,13,8,8,8,8,1,13,1,8,8,11,11,11,3,11,1,11,1,1,1,1,1,1,1,11,8,4,7,1,2,1,1,1,13,13,7,7,2,4,3,5,11,5,1,4,11,11,11,11,11,11,11,11,11,4,1,41,1,6,2,1,1,6,2,2,1,1,1,26",/cfs/app/etl_p26/ecdw_apps_p26/edwusg/files/srcfiles/monthly/sfload,DWPC.DW70011A.TUTU008.NDMFILE.SFK.*.DAT,MLUTU008
FINANCE,T8A002_OSS,"1,3,3,4,3,6,11,1,2,1,11,4,6",/cfs/app/etl_p14/ecdw_apps_p14/mftlbl|/files/srcfiles/monthly/sfload,,ML8A002
FINANCE,TATF015_BILLED_JOURNAL_REVENUE,"3,3,4,3,4,4,5,2,6,1,2,1,2,8,8,2,1,5,5,2,2,2,1,1,1,3,3,4,8,2,9,15,1",/cfs/app/etl_p14/ecdw_apps_p14/mftlbl|/files/srcfiles/daily/ondemand/sfload,"DWPC.BILLREV.TATF015.NDMFILE.SFK.*.DAT
",MLATF015
FINANCE,TCCF011_JOURNAL_REVENUE_NEXT,"1,3,3,4,3,10,2,2,1,4,13,6,6,4,4,1,2,1",/cfs/app/etl_p14/ecdw_apps_p14/mftlbl|/files/srcfiles/daily/ondemand/sfload,"DWPC.CQ050.SC.TCCF011.NDMFILE.SFK.*.DAT
",FLCCF011
CUSTOMER,TSLC002_CUSTOMER_WORK,NA,NA,NA,"DESLC02W
INSLC02W
UPSLC002"
NETWORK,TCTN108_TRUNK_GROUP,"1,10,11,11,2,2,2,2,7,10,10,1,8,10,1,22",/cfs/app/etl_p81/edw_apps_p81/edwntk/files/srcfiles/monthly/sfload,DWPC.TCTN108.NDMFILE.SFK.*.DAT,FLCTN108
NETWORK,TCTN109_TRUNK_GROUP_FORECAST,"1,10,4,8,10,10,11,11,2,2,2,2,7,9,21",/cfs/app/etl_p81/edw_apps_p81/edwntk/files/srcfiles/monthly/sfload,DWPC.TCTN109.NDMFILE.SFK.*.DAT,FLCTN109
NETWORK,TCTN206_TIRKS_RSPNSBL_RPTG_OFC,"1,4,1,3,8,1,1,1,1,1,1,1,11,8,8,8,8,8,2,1,1,1,1,1,1,1,1,1,1,1,1,1,1,1,1,1,1,1,1,1,1,1,1,1,1,1,1,1,1,1,1,1,1,1,1,1,1,1,1,1,1,1,1,1,1,1,1,1,1,1,1,1,1,1,1,1,1,1,1,1,1,1,1,1,1,3,3,3,3,3,3,3,3,3,3,1,1,1,1,1,1,1,1,1,1,1,1,1,1,1,1,1,1,1,1,1,1,1,1,20,3,25,3,25,3,25,3,25,3,25,3,25,3,25,3,25",/cfs/app/etl_p81/edw_apps_p81/edwntk/files/srcfiles/daily/sfload,"DWPC.TZDWRR1.A.TCTN206.NDMFILE.SFK.*.DAT
DWPC.TZDWRR1.B.TCTN206.NDMFILE.SFK.*.DAT
DWPC.TZDWRR1.P.TCTN206.NDMFILE.SFK.*.DAT
DWPC.TZDWRR1.S.TCTN206.NDMFILE.SFK.*.DAT","MLATN206
MLBTN206
MLPTN206
MLSTN206"
NETWORK,TCTN732_TIRKS_CABLE_MAKEUP,"1,4,1,2,11,11,10,5,3,2,2,6,6,3,3,4,4,3,1,1,4,3,2,4,6,30,7",/cfs/app/etl_p81/edw_apps_p81/edwntk/files/srcfiles/daily/sfload,"DWPC.TZDWTCX.A.TCTN732.NDMFILE.SFK.*.DAT
DWPC.TZDWTCX.B.TCTN732.NDMFILE.SFK.*.DAT
DWPC.TZDWTCX.P.TCTN732.NDMFILE.SFK.*.DAT
DWPC.TZDWTCX.S.TCTN732.NDMFILE.SFK.*.DAT","MLATN732
MLBTN732
MLPTN732
MLSTN732
"
NETWORK,TCTN846_NETWORK_ACCT_TEST_CASE,"1,15,15,19,19,1",/cfs/app/etl_p81/edw_apps_p81/edwntk/files/srcfiles/daily/sfload,DWPC.DW400E0C.C.TCTN846.NDMFILE.SFK.*.DAT,MLCTN846
NETWORK,TCTN847_NETWORK_ACCT_TST_RSLT,"01, 15, 15, 19, 19, 15, 128, 2000, 19, 12, 15",/cfs/app/etl_p81/edw_apps_p81/edwntk/files/srcfiles/daily/sfload,DWPC.DW400E0C.C.TCTN847.NDMFILE.SFK.*.DAT,MLCTN847
USAGE,TUTU007_ACCESS_USAGE_STATS,"1,13,8,11,4,1,8,1,2,5,1,1,2,8,10,11,11,11,1,3,3,3,3,1,3,5,1,1,8,8,7,1,2,1,5,1,4,4,1,4,1,1,6,1,1,2,2,1,1,1,69",/cfs/app/etl_p26/ecdw_apps_p26/edwusg/files/srcfiles/weekly/sfload,DWPC.DW70011A.TUTU007.NDMFILE.SFK.*.DAT,MLUTU007
USAGE,TUTU008_ACCESS_USAGE,"1,13,8,11,4,1,2,8,1,4,1,1,1,5,1,1,16,1,11,4,11,8,10,1,1,1,1,1,3,3,11,22,13,8,8,8,8,1,13,1,8,8,11,11,11,3,11,1,11,1,1,1,1,1,1,1,11,8,4,7,1,2,1,1,1,13,13,7,7,2,4,3,5,11,5,1,4,11,11,11,11,11,11,11,11,11,4,1,41,1,6,2,1,1,6,2,2,1,1,1,26",/cfs/app/etl_p26/ecdw_apps_p26/edwusg/files/srcfiles/weekly/sfload,DWPC.DW70011A.TUTU008.NDMFILE.SFK.*.DAT,MLUTU008
FINANCE,T8A002_OSS,"1,3,3,4,3,6,11,1,2,1,11,4,6",/cfs/app/etl_p14/ecdw_apps_p14/mftlbl/files/srcfiles/monthly/sfload,DWPC.DN74511A.C.T8A002.NDMFILE.SFK.*.dat,ML8A002
FINANCE,TATF015_BILLED_JOURNAL_REVENUE,"3,3,4,3,4,4,5,2,6,1,2,1,2,8,8,2,1,5,5,2,2,2,1,1,1,3,3,4,8,2,9,15,1",/cfs/app/etl_p14/ecdw_apps_p14/mftlbl/files/srcfiles/daily/ondemand/sfload,"DWPC.BILLREV.TATF015.NDMFILE.SFK.*.DAT
",MLATF015
FINANCE,TCCF011_JOURNAL_REVENUE_NEXT,"1,3,3,4,3,10,2,2,1,4,13,6,6,4,4,1,2,1",/cfs/app/etl_p14/ecdw_apps_p14/mftlbl/files/srcfiles/daily/ondemand/sfload,"DWPC.CQ050.SC.TCCF011.NDMFILE.SFK.*.DAT
",FLCCF011
NETWORK,TCTN048_TIRKS_GROUP_CKT_ORDER,"1,4,1,2,2,8,1,2,8,13,2,8,1,45,8,5,3,25,11,3,3",/cfs/app/etl_p81/edw_apps_p81/edwntk/files/srcfiles/daily/sfload,"DWPC.TZDWGP1.A.TCTN048.NDMFILE.SFK.*.DAT
DWPC.TZDWGP1.B.TCTN048.NDMFILE.SFK.*.DAT
DWPC.TZDWGP1.P.TCTN048.NDMFILE.SFK.*.DAT
DWPC.TZDWGP1.S.TCTN048.NDMFILE.SFK.*.DAT
","MLATN048
MLBTN048
MLPTN048
MLSTN048"
NETWORK,TCTN049_TIRKS_GROUP_TRUNK,"1,4,1,2,2,8,4,8,1",/cfs/app/etl_p81/edw_apps_p81/edwntk/files/srcfiles/daily/sfload,"DWPC.TZDWGP1.A.TCTN049.NDMFILE.SFK.*.DAT
DWPC.TZDWGP1.B.TCTN049.NDMFILE.SFK.*.DAT
DWPC.TZDWGP1.P.TCTN049.NDMFILE.SFK.*.DAT
DWPC.TZDWGP1.S.TCTN049.NDMFILE.SFK.*.DAT
","MLATN049
MLBTN049
MLPTN049
MLSTN049"
NETWORK,TCTN050_TIRKS_GRP_NON_PRIM_CKT,"1,4,1,2,2,8,1,2,1,45,11,11,8",/cfs/app/etl_p81/edw_apps_p81/edwntk/files/srcfiles/daily/sfload,"DWPC.TZDWGP1.A.TCTN050.NDMFILE.SFK.*.DAT
DWPC.TZDWGP1.B.TCTN050.NDMFILE.SFK.*.DAT
DWPC.TZDWGP1.P.TCTN050.NDMFILE.SFK.*.DAT
DWPC.TZDWGP1.S.TCTN050.NDMFILE.SFK.*.DAT
","MLATN050
MLBTN050
MLPTN050
MLSTN050"
NETWORK,TCTN051_TIRKS_WORK_CKT_LEG,"1,4,1,2,9,3,4,45,18,20,8,1,1,11,20,16,7,5,1,1,1,1,2,2,2,1,1,1,1,1,1,8,10,5,5,5,5",/cfs/app/etl_p81/edw_apps_p81/edwntk/files/srcfiles/daily/sfload,"DWPC.TZDWPT1.A.TCTN051.NDMFILE.SFK.*.DAT
DWPC.TZDWPT1.B.TCTN051.NDMFILE.SFK.*.DAT
DWPC.TZDWPT1.P.TCTN051.NDMFILE.SFK.*.DAT
DWPC.TZDWPT1.S.TCTN051.NDMFILE.SFK.*.DAT
","MLATN051
MLBTN051
MLPTN051
MLSTN051"
NETWORK,TCTN052_TIRKS_WORK_ITEM,"1,4,1,2,9,3,45,18,20,8,1,1,11,20,16,7,5,1,1,1,1,2,2,2,1,1,1,1,1,1,8,10,5,5,5,5",/cfs/app/etl_p81/edw_apps_p81/edwntk/files/srcfiles/daily/sfload,"DWPC.TZDWPT1.A.TCTN052.NDMFILE.SFK.*.DAT
DWPC.TZDWPT1.B.TCTN052.NDMFILE.SFK.*.DAT
DWPC.TZDWPT1.P.TCTN052.NDMFILE.SFK.*.DAT
DWPC.TZDWPT1.S.TCTN052.NDMFILE.SFK.*.DAT
","MLATN052
MLBTN052
MLPTN052
MLSTN052"
NETWORK,TCTN053_TIRKS_WORK_ITEM_EVENT,"1,4,1,2,9,3,5,18,5,1,5,8,3,3,4,3,3,3,3,3,8,5,2,1,1,1,3,79,8,4,8,4",/cfs/app/etl_p81/edw_apps_p81/edwntk/files/srcfiles/daily/sfload,"DWPC.TZDWPT1.A.TCTN053.NDMFILE.SFK.*.DAT
DWPC.TZDWPT1.B.TCTN053.NDMFILE.SFK.*.DAT
DWPC.TZDWPT1.P.TCTN053.NDMFILE.SFK.*.DAT
DWPC.TZDWPT1.S.TCTN053.NDMFILE.SFK.*.DAT
","MLATN053
MLBTN053
MLPTN053
MLSTN053"
NETWORK,TCTN054_TIRKS_WRK_CKT_LEG_EVNT,"1,4,1,2,9,3,4,5,18,5,1,5,8,3,3,4,3,3,3,3,3,8,5,2,1,1,1,3,79,8,4,8,4",/cfs/app/etl_p81/edw_apps_p81/edwntk/files/srcfiles/daily/sfload,"DWPC.TZDWPT1.A.TCTN054.NDMFILE.SFK.*.DAT
DWPC.TZDWPT1.B.TCTN054.NDMFILE.SFK.*.DAT
DWPC.TZDWPT1.P.TCTN054.NDMFILE.SFK.*.DAT
DWPC.TZDWPT1.S.TCTN054.NDMFILE.SFK.*.DAT
","MLATN054
MLBTN054
MLPTN054
MLSTN054"
NETWORK,TCTN055_TIRKS_CKT_GENERAL_DETL,"1,4,1,2,2,8,13,45,11,18,11,18,11,23,11,23",/cfs/app/etl_p81/edw_apps_p81/edwntk/files/srcfiles/daily/sfload,"DWPC.TZDWCPS.A.TCTN055.NDMFILE.SFK.*.DAT
DWPC.TZDWPS1.B.TCTN055.NDMFILE.SFK.*.DAT
DWPC.TZDWCPS.P.TCTN055.NDMFILE.SFK.*.DAT
DWPC.TZDWCPS.S.TCTN055.NDMFILE.SFK.*.DAT
","MLATN055
MLBTN055
MLPTN055
MLSTN055"
NETWORK,TCTN058_TIRKS_CKT_FLD_ASSTNC,"1,4,1,2,2,8,13,2,1,3,8,6,8,4,5,17,54",/cfs/app/etl_p81/edw_apps_p81/edwntk/files/srcfiles/daily/sfload,"DWPC.TZDWCPS.A.TCTN058.NDMFILE.SFK.*.DAT
DWPC.TZDWPS1.B.TCTN058.NDMFILE.SFK.*.DAT
DWPC.TZDWCPS.P.TCTN058.NDMFILE.SFK.*.DAT
DWPC.TZDWCPS.S.TCTN058.NDMFILE.SFK.*.DAT
","MLATN058
MLBTN058
MLPTN058
MLSTN058"
NETWORK,TCTN061_TIRKS_CKT_RMT_TST_ACC,"1,4,1,2,2,8,13,1,3,11,33,33,33,33",/cfs/app/etl_p81/edw_apps_p81/edwntk/files/srcfiles/daily/sfload,"DWPC.TZDWCPS.A.TCTN061.NDMFILE.SFK.*.DAT
DWPC.TZDWPS1.B.TCTN061.NDMFILE.SFK.*.DAT
DWPC.TZDWCPS.P.TCTN061.NDMFILE.SFK.*.DAT
DWPC.TZDWCPS.S.TCTN061.NDMFILE.SFK.*.DAT
","MLATN061
MLBTN061
MLPTN061
MLSTN061"
NETWORK,TCTN062_TIRKS_CKT_CUST_PREMIS,"1,4,1,2,2,8,13,30,9,9,9,25,2,11,23,30,9,9,9,25,2,11,23",/cfs/app/etl_p81/edw_apps_p81/edwntk/files/srcfiles/daily/sfload,"DWPC.TZDWCPS.A.TCTN062.NDMFILE.SFK.*.DAT
DWPC.TZDWPS1.B.TCTN062.NDMFILE.SFK.*.DAT
DWPC.TZDWCPS.P.TCTN062.NDMFILE.SFK.*.DAT
DWPC.TZDWCPS.S.TCTN062.NDMFILE.SFK.*.DAT
","MLATN062
MLBTN062
MLPTN062
MLSTN062"
NETWORK,TCTN063_TIRKS_CKT_NETWORK_DETL,"1,4,1,2,2,8,13,11,4,11,5,6,11,5,6",/cfs/app/etl_p81/edw_apps_p81/edwntk/files/srcfiles/daily/sfload,"DWPC.TZDWCPS.A.TCTN063.NDMFILE.SFK.*.DAT
DWPC.TZDWCPS.B.TCTN063.NDMFILE.SFK.*.DAT
DWPC.TZDWCPS.P.TCTN063.NDMFILE.SFK.*.DAT
DWPC.TZDWCPS.S.TCTN063.NDMFILE.SFK.*.DAT","MLATN063
MLBTN063
MLPTN063
MLSTN063"
NETWORK,TCTN064_TIRKS_CKT_CARRIER_DETL,"1,4,1,2,2,8,13,1,3,8,10,8,10,2,1,6,1,3,11",/cfs/app/etl_p81/edw_apps_p81/edwntk/files/srcfiles/daily/sfload,"DWPC.TZDWCPS.A.TCTN064.NDMFILE.SFK.*.DAT
DWPC.TZDWCPS.B.TCTN064.NDMFILE.SFK.*.DAT
DWPC.TZDWCPS.P.TCTN064.NDMFILE.SFK.*.DAT
DWPC.TZDWCPS.S.TCTN064.NDMFILE.SFK.*.DAT","MLATN064
MLBTN064
MLPTN064
MLSTN064"
NETWORK,TCTN067_TIRKS_CKT_OFFICE_DROP,"1,4,1,2,2,8,13,11,10,5,5,15,11,10,5,5,15",/cfs/app/etl_p81/edw_apps_p81/edwntk/files/srcfiles/daily/sfload,"DWPC.TZDWCPS.A.TCTN067.NDMFILE.SFK.*.DAT
DWPC.TZDWCPS.B.TCTN067.NDMFILE.SFK.*.DAT
DWPC.TZDWCPS.P.TCTN067.NDMFILE.SFK.*.DAT
DWPC.TZDWCPS.S.TCTN067.NDMFILE.SFK.*.DAT","MLATN067
MLBTN067
MLPTN067
MLSTN067"
NETWORK,TCTN069_TIRKS_CIRCUIT_NON_PRIM,"1,4,1,2,8,2,3,5,8,4,2,1,5,9,9,1,1,2,1,45,11,11",/cfs/app/etl_p81/edw_apps_p81/edwntk/files/srcfiles/daily/sfload,"DWPC.TZDWCK1.A.TCTN069.NDMFILE.SFK.*.DAT
DWPC.TZDWCK1.B.TCTN069.NDMFILE.SFK.*.DAT
DWPC.TZDWCK1.P.TCTN069.NDMFILE.SFK.*.DAT
DWPC.TZDWCK1.S.TCTN069.NDMFILE.SFK.*.DAT","MLATN069
MLBTN069
MLPTN069
MLSTN069"
NETWORK,TCTN070_TIRKS_CKT_CABLE_DETAIL,"1,4,1,2,2,8,13,1,3,3,4,4,2,9,1,7,1,1,2,4,2,4,4,4",/cfs/app/etl_p81/edw_apps_p81/edwntk/files/srcfiles/daily/sfload,"DWPC.TZDWCPS.A.TCTN070.NDMFILE.SFK.*.DAT
DWPC.TZDWCPS.B.TCTN070.NDMFILE.SFK.*.DAT
DWPC.TZDWCPS.P.TCTN070.NDMFILE.SFK.*.DAT
DWPC.TZDWCPS.S.TCTN070.NDMFILE.SFK.*.DAT","MLATN070
MLBTN070
MLPTN070
MLSTN070"
NETWORK,TCTN074_TIRKS_CKT_LOCAL_LOOP,"1,4,1,2,2,8,13,1,3,4,4,30",/cfs/app/etl_p81/edw_apps_p81/edwntk/files/srcfiles/daily/sfload,"DWPC.TZDWCPS.A.TCTN074.NDMFILE.SFK.*.DAT
DWPC.TZDWCPS.B.TCTN074.NDMFILE.SFK.*.DAT
DWPC.TZDWCPS.P.TCTN074.NDMFILE.SFK.*.DAT
DWPC.TZDWCPS.S.TCTN074.NDMFILE.SFK.*.DAT","MLATN074
MLBTN074
MLPTN074
MLSTN074"
NETWORK,TCTN075_TIRKS_NTWK_DEFINITION,"1,4,1,2,7,8,6,8,4,4,4,1,3,1,8,6,8,3,1,2,60,10,15,6,1,2,1,9,3,4,4,4",/cfs/app/etl_p81/edw_apps_p81/edwntk/files/srcfiles/daily/sfload,"DWPC.TZDWND1.A.TCTN075.NDMFILE.SFK.*.DAT
DWPC.TZDWND1.B.TCTN075.NDMFILE.SFK.*.DAT
DWPC.TZDWND1.P.TCTN075.NDMFILE.SFK.*.DAT
DWPC.TZDWND1.S.TCTN075.NDMFILE.SFK.*.DAT","MLATN075
MLBTN075
MLPTN075
MLSTN075"
NETWORK,TCTN078_TIRKS_CKT_SONET_LOC,"1,4,1,2,2,8,13,1,3,3,11,1,1,2,8,10,5",/cfs/app/etl_p81/edw_apps_p81/edwntk/files/srcfiles/daily/sfload,"DWPC.TZDWCPC.A.TCTN078.NDMFILE.SFK.*.DAT
DWPC.TZDWCPC.B.TCTN078.NDMFILE.SFK.*.DAT
DWPC.TZDWCPC.P.TCTN078.NDMFILE.SFK.*.DAT
DWPC.TZDWCPC.S.TCTN078.NDMFILE.SFK.*.DAT","MLATN078
MLBTN078
MLPTN078
MLSTN078"
NETWORK,TCTN080_TIRKS_NTWK_DFNTN_LOC,"1,4,1,2,7,6,8,1,2,11,2,7,10,15,3,1",/cfs/app/etl_p81/edw_apps_p81/edwntk/files/srcfiles/daily/sfload,"DWPC.TZDWND1.A.TCTN080.NDMFILE.SFK.*.DAT
DWPC.TZDWND1.B.TCTN080.NDMFILE.SFK.*.DAT
DWPC.TZDWND1.P.TCTN080.NDMFILE.SFK.*.DAT
DWPC.TZDWND1.S.TCTN080.NDMFILE.SFK.*.DAT","MLATN080
MLBTN080
MLPTN080
MLSTN080"
NETWORK,TCTN081_TIRKS_CKT_SPAN_DETAIL,"1,4,1,2,2,8,13,1,3,7,2,2,5,5,2,10,5,2,10,5,5,2,10,5,2,10,5",/cfs/app/etl_p81/edw_apps_p81/edwntk/files/srcfiles/daily/sfload,"DWPC.TZDWCP.A.TCTN081.NDMFILE.SFK.*.DAT
DWPC.TZDWP.B.TCTN081.NDMFILE.SFK.*.DAT
DWPC.TZDWCP.P.TCTN081.NDMFILE.SFK.*.DAT
DWPC.TZDWCP.S.TCTN081.NDMFILE.SFK.*.DAT","MLATN081
MLBTN081
MLPTN081
MLSTN081"
NETWORK,TCTN086_TIRKS_CKT_PLUG_DETAIL,"1,4,1,2,2,8,13,1,3,1,2,11,1,2,10,2,8,5,5,27,10",/cfs/app/etl_p81/edw_apps_p81/edwntk/files/srcfiles/daily/sfload,"DWPC.TZDWCP.A.TCTN086.NDMFILE.SFK.*.DAT
DWPC.TZDWPM.B.TCTN086.NDMFILE.SFK.*.DAT
DWPC.TZDWCP.P.TCTN086.NDMFILE.SFK.*.DAT
DWPC.TZDWCP.S.TCTN086.NDMFILE.SFK.*.DAT","MLATN086
MLBTN086
MLPTN086
MLSTN086"
NETWORK,TCTN091_TIRKS_CKT_EQUIP_FRAME,"1,4,1,2,2,8,13,1,3,2,11,10,10,6,3,3,5,5,5,5",/cfs/app/etl_p81/edw_apps_p81/edwntk/files/srcfiles/daily/sfload,"DWPC.TZDWCP.A.TCTN091.NDMFILE.SFK.*.DAT
DWPC.TZDWP.B.TCTN091.NDMFILE.SFK.*.DAT
DWPC.TZDWCP.P.TCTN091.NDMFILE.SFK.*.DAT
DWPC.TZDWCP.S.TCTN091.NDMFILE.SFK.*.DAT","MLATN091
MLBTN091
MLPTN091
MLSTN091"
NETWORK,TCTN207_TIRKS_PLNG_FRAME_INFO,"1,4,1,2,2,11,2,8,2,3,6,8,2",/cfs/app/etl_p81/edw_apps_p81/edwntk/files/srcfiles/daily/sfload,"DWPC.TZDWCF1.A.TCTN207.NDMFILE.SFK.*.DAT
DWPC.TZDWCF1.B.TCTN207.NDMFILE.SFK.*.DAT
DWPC.TZDWCF1.P.TCTN207.NDMFILE.SFK.*.DAT
DWPC.TZDWCF1.S.TCTN207.NDMFILE.SFK.*.DAT","MLATN207
MLBTN207
MLPTN207
MLSTN207"
NETWORK,tctn214_tirks_carrier_MAKEUP,"1,4,1,2,1,36,1,8,2,13,2,11,2,10,5,5,4,4,2,4,6,5,5,230",/cfs/app/etl_p81/edw_apps_p81/edwntk/files/srcfiles/daily/sfload,"DWPC.TZDWCX1.A.TCTN214.NDMFILE.SFK.*.DAT
DWPC.TZDWCX1.B.TCTN214.NDMFILE.SFK.*.DAT
DWPC.TZDWCX1.P.TCTN214.NDMFILE.SFK.*.DAT
DWPC.TZDWCX1.S.TCTN214.NDMFILE.SFK.*.DAT","MLATN214
MLBTN214
MLPTN214
MLSTN214"
NETWORK,TCTN301_MLAC_SERVICE_ORDER,"1,1,30,8,8,8",/cfs/app/etl_p81/edw_apps_p81/edwntk/files/srcfiles/daily/sfload,DWPC.DW361.C.TCTN301.NDMFILE.SFK.*.DAT,MLCTN301
NETWORK,TCTN302_MLAC_REQ_ASSTNC_DETAIL,"1,1,30,8,8,19,5,19,6,5,1,1,8,1,3,3,4,4,4,8,6,1,1,5,1,1,1,1,1,4,1,1,5,5,8,1,1,1,9,1,1,1,5,1,1,1,1,8,8,4,1,19,16,1,19,8,5,1,1,1,1,1,6,3,1,8,8,8,1,32,6,6,6,6,19,6,1,1,1,3,4,8,8,8,8,8,8,8,8,8,8,8,8,4,1,4,8,1,1,1,6,8,5,5,6,5,5,5,1,1,12,7,6,19,19,100,4000",/cfs/app/etl_p81/edw_apps_p81/edwntk/files/srcfiles/daily/sfload,DWPC.DW361.C.TCTN302.NDMFILE.SFK.*.DAT,MLCTN302
NETWORK,TCTN303_MLAC_REQ_ASSTNC_HIST,"1,1,30,8,8,19,5,1,8,6,6,1,1,8,6,6,13,5,12,7,6",/cfs/app/etl_p81/edw_apps_p81/edwntk/files/srcfiles/daily/sfload,DWPC.DW361.C.TCTN303.NDMFILE.SFK.*.DAT,MLCTN303
NETWORK,TCTN732_TIRKS_CABLE_MAKEUP,"1,4,1,2,11,11,10,5,3,2,2,6,6,3,3,4,4,3,1,1,4,3,2,4,6,30,7",/cfs/app/etl_p81/edw_apps_p81/edwntk/files/srcfiles/daily/sfload,"DWPC.TZDWTCX.A.TCTN732.NDMFILE.SFK.*.DAT
DWPC.TZDWTCX.B.TCTN732.NDMFILE.SFK.*.DAT
DWPC.TZDWTCX.P.TCTN732.NDMFILE.SFK.*.DAT
DWPC.TZDWTCX.S.TCTN732.NDMFILE.SFK.*.DAT","MLATN732
MLBTN732
MLPTN732
MLSTN732
"
NETWORK,TCTN800_CPE_ORDER,"1,1,10,10,10,50,8,50,35,1,50,50,1,9",/cfs/app/etl_p81/edw_apps_p81/edwntk/files/srcfiles/daily/sfload,DWPC.DW430A9C.C.TCTN800.NDMFILE.SFK.*.DAT,MLCTN800
NETWORK,TCTN801_CPE_ORDER_ITEM,"1,1,10,6,18,60,30,20,20,20,20,11,25,8,8,35,255,8,50,8,50,2",/cfs/app/etl_p81/edw_apps_p81/edwntk/files/srcfiles/daily/sfload,DWPC.DW430A9C.C.TCTN801.NDMFILE.SFK.*.DAT,MLCTN801
NETWORK,TCTN821_NETWORK_ACCT_TST_SESS,"1,15,10,19,6,32,32,3,3,4,1",/cfs/app/etl_p81/edw_apps_p81/edwntk/files/srcfiles/daily/sfload,DWPC.DW401E0C.C.TCTN821.NDMFILE.SFK.*.DAT,MLCTN821
USAGE,T86B01_ACCESS_USAGE,"1,13,8,11,4,1,2,8,1,4,1,1,1,5,1,1,13,1,11,4,12,8,10,1,1,1,1,1,3,3,12,15,13,8,8,8,8,1,13,1,8,8,11,11,11,3,11,1,11,1,1,1,1,1,1,1,11,8,4,7,1,2,1,1,1,13,13,7,7,2,4,3,5,11,5,1,4,12,12,12,12,12,12,12,12,12,4,1,41,1,6,2,12,1,1,1,8,2,1,1,14",/cfs/app/etl_p26/ecdw_apps_p26/edwusg/files/srcfiles/weekly/sfload,"DWPC.DW795A0C.P.T86B01.NDMFILE.SFK.*.DAT
",LDM86B01
USAGE,T86B02_ACCESS_USAGE_STATISTICS,"1,13,8,11,4,1,8,1,2,5,1,1,2,8,10,12,12,12,1,3,3,3,3,1,3,5,1,1,8,8,7,1,2,1,5,1,4,4,1,4,1,1,6,6,1,1,1,1,2,8,1,1,56",/cfs/app/etl_p26/ecdw_apps_p26/edwusg/files/srcfiles/weekly/sfload,"DWPC.DW795A0C.P.T86B02.NDMFILE.SFK.*.DAT
",LDM86B02
USAGE,TALU003_USAGE_DETAIL,"1,1,9,15,15,8,6,1,15,16,2,9,8,6,8,1,1,4,1,1,12,12,1,4,4,10,2,15,2,15,17,2,17,2,17,1,2,4,2,10,2,3,10,2,3,1,4,6,6,6,6,6,17,15,1,17,1,1,9,8,3,350,1,15,13,13,15,13,13,13",/cfs/app/etl_p26/ecdw_apps_p26/edwusg/files/srcfiles/daily/sfload,"DWPC.DW075.AM.TALU003.NDMFILE.SFK.*.DAT
",MLALU003
USAGE,TALU004_CYCLE_CONTROL,"1,3,1,3,5,3,8,6,8,6,10,6,5,5,8,6,8,6,8,6,8,6,1,6,6,6,6,6,6,6,6,1,8,6,30,30,30,30,188",/cfs/app/etl_p26/ecdw_apps_p26/edwusg/files/srcfiles/daily/sfload,"DWPC.DW075.AM.TALU004.NDMFILE.SFK.*.DAT
",MLALU004
USAGE,TATU007_ACCESS_USAGE_STATISTIC,"1,13,8,11,4,1,8,1,2,5,1,1,2,8,10,12,12,12,1,3,3,3,3,1,3,5,1,1,8,8,7,1,2,1,5,1,4,4,1,4,1,1,6,1,1,2,2,1,1,1,1,2,8,1,1,56",/cfs/app/etl_p26/ecdw_apps_p26/edwusg/files/srcfiles/weekly/sfload,"DWPC.DW76611A.A.TATU007.NDMFILE.SFK.*.DAT
",MLATU007
USAGE,TATU008_ACCESS_USAGE,"1,13,8,11,4,1,2,8,1,4,1,1,1,5,1,1,13,1,11,4,12,8,10,1,1,1,1,1,3,3,12,15,13,8,8,8,8,1,13,1,8,8,11,11,11,3,11,1,11,1,1,1,1,1,1,1,11,8,4,7,1,2,1,1,1,13,13,7,7,2,4,3,5,11,5,1,4,12,12,12,12,12,12,12,12,12,4,1,41,1,6,2,1,1,6,2,2,1,1,1,8,2,1,1,5,9",/cfs/app/etl_p26/ecdw_apps_p26/edwusg/files/srcfiles/weekly/sfload,"DWPC.DW76611A.A.TATU008.NDMFILE.SFK.*.DAT
",MLATU008
USAGE,TATU510_WIRELESS_TERM_USAGE,"1,1,6,8,7,1,3,3,4,3,3,4,3,3,4,3,3,4,1,8,1,1,1,1,1,4,1,1,1,1,1,1,1,1,1,1,4,1,4,1,1,3,7,4",/cfs/app/etl_p26/ecdw_apps_p26/edwusg/files/srcfiles/daily/sfload,"DWPC.OA.AJ.TATU510.NDMFILE.SFK.*.DAT
DWPC.OB.AJ.TATU510.NDMFILE.SFK.*.DAT
DWPC.OC.AJ.TATU510.NDMFILE.SFK.*.DAT
DWPC.OD.AJ.TATU510.NDMFILE.SFK.*.DAT
DWPC.OE.AJ.TATU510.NDMFILE.SFK.*.DAT
DWPC.OF.AJ.TATU510.NDMFILE.SFK.*.DAT
DWPC.MG.AM.TATU510.NDMFILE.SFK.*.DAT
DWPC.MH.AM.TATU510.NDMFILE.SFK.*.DAT
DWPC.MI.AM.TATU510.NDMFILE.SFK.*.DAT
DWPC.LM.AQ.TATU510.NDMFILE.SFK.*.DAT
DWPC.LN.AQ.TATU510.NDMFILE.SFK.*.DAT
DWPC.LP.AQ.TATU510.NDMFILE.SFK.*.DAT
DWPC.NS.AG.TATU510.NDMFILE.SFK.*.DAT
DWPC.WWAE.TATU510.NDMFILE.SFK.*.DAT",MLATU510
USAGE,TATU530_ILEC_TERM_USAGE,"1,1,6,8,7,1,3,3,4,3,3,4,3,3,4,3,3,4,1,8,1,1,1,1,1,4,1,1,1,1,1,1,1,1,1,1,4,1,4,1,1,3,7,4",/cfs/app/etl_p26/ecdw_apps_p26/edwusg/files/srcfiles/daily/sfload,"DWPC.OA.AJ.TATU530.NDMFILE.SFK.*.DAT
DWPC.OB.AJ.TATU530.NDMFILE.SFK.*.DAT
DWPC.OC.AJ.TATU530.NDMFILE.SFK.*.DAT
DWPC.OD.AJ.TATU530.NDMFILE.SFK.*.DAT
DWPC.OE.AJ.TATU530.NDMFILE.SFK.*.DAT
DWPC.OF.AJ.TATU530.NDMFILE.SFK.*.DAT
DWPC.MG.AM.TATU530.NDMFILE.SFK.*.DAT
DWPC.MH.AM.TATU530.NDMFILE.SFK.*.DAT
DWPC.MI.AM.TATU530.NDMFILE.SFK.*.DAT
DWPC.LM.AQ.TATU530.NDMFILE.SFK.*.DAT
DWPC.LN.AQ.TATU530.NDMFILE.SFK.*.DAT
DWPC.LP.AQ.TATU530.NDMFILE.SFK.*.DAT
DWPC.NS.AG.TATU530.NDMFILE.SFK.*.DAT
DWPC.WW.AE.TATU530.NDMFILE.SFK.*.DAT",MLATU530
USAGE,TBLU003_USAGE_DETAIL,"1,1,9,15,15,8,6,13,1,15,16,2,9,8,6,8,1,1,4,1,1,12,12,1,4,4,10,2,15,2,15,17,2,17,2,17,1,2,4,2,10,2,3,10,2,3,1,4,6,6,6,6,6,17,15,1,17,1,1,9,8,350,1,15,13,13,15,13,13,13",/cfs/app/etl_p26/ecdw_apps_p26/edwusg/files/srcfiles/daily/sfload,DWPC.DW075.BL.TBLU003.NDMFILE.SFK.*.DAT,MLBLU003
USAGE,TBLU004_CYCLE_CONTROL,"1,3,5,3,8,8,10,6,5,5,8,8,8,8,1,1,6,6,6,6,6,6,1,8,30,30,30,6,6,30",/cfs/app/etl_p26/ecdw_apps_p26/edwusg/files/srcfiles/daily/sfload,DWPC.DW075.BL.TBLU004.NDMFILE.SFK.*.DAT,MLBLU004
USAGE,TCCU001_USAGE_FEATURE,"1,3,4,1,9,4,15,15,8,6,6,8,6,8,6,10,6,5,5,16,2,4,2,13,8,15,13,13,13,2,2,4,265",/cfs/app/etl_p26/ecdw_apps_p26/edwusg/files/srcfiles/daily/sfload,DWPC.DW075.CL.TCCU001.NDMFILE.SFK.*.DAT,MLCCU001
USAGE,TCCU103_USAGE_DETAIL_WHSLE,"1,1,9,15,15,8,6,1,15,16,2,9,8,6,8,1,1,4,1,1,12,12,1,4,4,10,2,15,2,15,17,2,17,2,17,1,2,4,2,10,2,3,10,2,3,1,4,6,6,6,6,6,17,15,1,17,1,1,9,8,3,350,1,15,13,13,15,13,13,13",/cfs/app/etl_p26/ecdw_apps_p26/edwusg/files/srcfiles/daily/sfload,DWPC.DW075.CC.TCCU103.NDMFILE.SFK.*.DAT,MLCCU103
USAGE,TCTU220_AIT_FLAT_RATE_WK,"1,3,3,4,3,3,3,4,6,8,1,1,2,1,8,1,7,1,1,9",/cfs/app/etl_p26/ecdw_apps_p26/edwusg/files/srcfiles/daily/sfload,"DWPC.A2U522W0.AE.TCTU220.NDMFILE.SFK.*.DAT
DWPC.A2U522W0.AG.TCTU220.NDMFILE.SFK.*.DAT
DWPC.A2U522W0.AJ.TCTU220.NDMFILE.SFK.*.DAT
DWPC.A2U522W0.AM.TCTU220.NDMFILE.SFK.*.DAT
DWPC.A2U522W0.AQ.TCTU220.NDMFILE.SFK.*.DAT",MLCTU22E
USAGE,TCTU848_TV_PGM_TIME,"6,20,21,21,36,50,50",/cfs/app/etl_p26/ecdw_apps_p26/edwusg/files/srcfiles/daily/sfload,DWPC.IPTV.C.TCTU848.NDMFILE.SFK.*.DAT,MLCTU848
USAGE,TCTU849_TV_PGM_TIME_INTERVAL,"6,20,8,6,50,50,36",/cfs/app/etl_p26/ecdw_apps_p26/edwusg/files/srcfiles/daily/sfload,DWPC.IPTV.C.TCTU849.NDMFILE.SFK.*.DAT,MLCTU849
USAGE,TPLU003_USAGE_DETAIL,"1,1,9,15,15,8,6,1,15,16,2,9,8,6,8,1,1,4,1,1,12,12,1,4,4,10,2,15,2,15,17,2,17,2,17,1,2,4,2,10,2,3,10,2,3,1,4,6,6,6,6,6,17,15,1,17,1,1,9,8,3,350,1,15,13,13,15,13,13,13
",/cfs/app/etl_p26/ecdw_apps_p26/edwusg/files/srcfiles/daily/sfload,DWPC.DW075.PB.TPLU003.NDMFILE.SFK.*.dat,MLPLU003
USAGE,TPLU004_CYCLE_CONTROL,"1,3,1,3,5,3,8,6,8,6,10,6,5,5,8,6,8,6,8,6,8,6,1,1,6,6,6,6,6,6,6,6,1,8,6,30,30,30,30,188
",/cfs/app/etl_p26/ecdw_apps_p26/edwusg/files/srcfiles/daily/sfload,DWPC.DW075.PB.TPLU004.NDMFILE.SFK.*.DAT,MLPLU004
USAGE,"1,3,3,4,3,7,6,2,1,1,4,1,1,4,2,3,3,4,5,15,3,3,4,5,15,8,2,2,2,3,1,1,1,1,1,1,1,1,1,1,1,1,1,5,3,3,4,9,9,9,2,9,9,2,9,2,5,9,2,9,9,1,1,1,2,1,13,3,1,9,9,9,9,3,3,4,4,4,6,6,3,2,1,2,12,1,1,5,27","1,3,3,4,3,7,6,2,1,1,4,1,1,4,2,3,3,4,5,15,3,3,4,5,15,8,2,2,2,3,1,1,1,1,1,1,1,1,1,1,1,1,1,5,3,3,4,9,9,9,2,9,9,2,9,2,5,9,2,9,9,1,1,1,2,1,13,
3,1,9,9,9,9,3,3,4,4,4,6,6,3,2,1,2,12,1,1,5,27
",/cfs/app/etl_p26/ecdw_apps_p26/edwusg/files/srcfiles/daily/sfload,DWPC.DW6X.TPTU210.NDMFILE.SFK.*.DAT,MLPTU210
USAGE,TPTU220_USAGE_SUMMARY,"1,3,4,3,3,4,3,7,6,2,1,1,4,1,1,2,10,11,11,9,9,9,11,10,1,6,1,3,3,4,5,11,10,11,11,10,11,7,7,4,4,10,4,11,11,4,6,6,3,2,12,1,51
",/cfs/app/etl_p26/ecdw_apps_p26/edwusg/files/srcfiles/daily/sfload,DWPC.TPTU220.NDMFILE.SFK.*.DAT,MLPTU220
USAGE,TSLU004_CYCLE_CONTROL,"1,3,1,3,5,3,8,6,8,6,10,6,5,5,8,6,8,6,8,6,8,6,1,1,6,6,6,6,6,6,6,6,1,8,6,30,30,30,30,188",/cfs/app/etl_p26/ecdw_apps_p26/edwusg/files/srcfiles/daily/sfload,DWPC.DW075.ST.TSLU004.NDMFILE.SFK.*.DAT,MLSLU004
USAGE,TSTU001_PUB_COIN_BILLED_USAGE,"1,1,10,4,4,2,2,2,6,27,7,8,6,7,4,3,5,1,1,1,14,1,15,3,3,4,26,1,11,1,14",/cfs/app/etl_p26/ecdw_apps_p26/edwusg/files/srcfiles/daily/sfload,DWPC.JS80011A.C.TSTU001.NDMFILE.SFK.*.DAT,MLSTU001
USAGE,tstu005_MO_LOCAL_PLUS,"1,10,7,7,6,6,2,3,3,4,3,2,3,3,4,7,1,4,3,2,2,2,4,2,1,2,2,3,1,2,1,1,1,1,1,1,1,1,1,1,1,1,1,1,1,1,1,1,1,1,1,1,1,1,8,2,10,10,2,12,2,1,8,1,1,1,1,1,1,1,1,1,1,8,46",/cfs/app/etl_p26/ecdw_apps_p26/edwusg/files/srcfiles/daily/sfload,DWPC.TSTU005.NDMFILE.SFK.*.DAT,MLSTU005
USAGE,"1,2,2,2,8,2,3,3,4,3,2,3,3,4,7,1,4,3,6,7,2,2,3,3,1,1,1,1,1,1,1,1,1,1,1,1,1,1,1,1,1,1,1,1,1,1,1,1,8,3,3,3,4,10,2,10,2,2,1,4,3,1,1,1,1,1,1,1,1,1,1,1,4,4,4,1,4,1,1,58","1,2,2,2,8,2,3,3,4,3,2,3,3,4,7,1,4,3,6,7,2,2,3,3,1,1,1,1,1,1,1,1,1,1,1,1,1,1,1,1,1,1,1,1,1,1,1,1,8,3,3,3,4,10,2,10,2,2,1,4,3,1,1,1,1,1,1,1,1,1,1,4,4,4,1,4,1,1,58",/cfs/app/etl_p26/ecdw_apps_p26/edwusg/files/srcfiles/daily/sfload,DWPC.AI37011A.TSTU200.NDMFILE.SFK.*.DAT,MLSTU200
USAGE,TTTU001_BILLED_USAGE_REVENUE,"1,1,3,3,4,8,13,2,1,1,7,7,7,43",/cfs/app/etl_p26/ecdw_apps_p26/edwusg/files/srcfiles/daily/sfload,DWPC.DW835.C.TTTU001.NDMFILE.SFK.*.DAT,MLTTU001
USAGE,TTTU002_OPTIONAL_CALLING_PLAN,"1,1,3,3,4,8,13,2,5,5,2,5,5,2,5,5,2,5,5,2,18",/cfs/app/etl_p26/ecdw_apps_p26/edwusg/files/srcfiles/daily/sfload,DWPC.DW835.C.TTTU002.NDMFILE.SFK.*.DAT,MLTTU002
USAGE,TUCU210_USAGE_DETAIL,"1,3,3,4,3,7,6,2,1,1,4,1,1,4,2,3,3,4,5,15,3,3,4,5,15,8,2,2,2,3,1,1,1,1,1,1,1,1,1,1,1,1,1,5,3,3,4,5,9,5,1,9,5,1,9,1,5,5,1,9,6,1,1,1,2,1,10,3,1,5,9,5,9,3,3,4,4,5,2,10,3,6,4,8,5,6,2,24",/cfs/app/etl_p26/ecdw_apps_p26/edwusg/files/srcfiles/daily/sfload,DWPC.TUCU210.NDMFILE.SFK.*.DAT,MLUCU210
USAGE,TUCU220_USAGE_SUMMARY,"1,3,4,3,3,4,3,7,6,2,1,1,4,1,1,8,9,11,11,8,8,8,10,9,1,5,1,3,3,4,5,10,9,11,10,9,11,7,7,4,4,10,4,2,10,11,11,1,3,4,8,5,6,2,30",/cfs/app/etl_p26/ecdw_apps_p26/edwusg/files/srcfiles/daily/sfload,DWPC.TUCU220.NDMFILE.SFK.*.DAT,MLUCU220
FINANCE,TBTF001_TELCO_REVENUE,"1,3,3,4,3,6,6,2,2,3,1,1,4,4,3,3,3,5,5,3,1,3,3,4,3,11,3,4,6,9,3,3,2,6,6,2,4,1,20,12,1,11,1,11",/cfs/app/etl_p14/ecdw_apps_p14/mftlbl/files/srcfiles/daily/sfload,"Monthly - DWPC.*.EOM.TBTF00M.NDMFILE.SFK.*
Daily - DWPC.*.B*.TBTF001.NDMFILE.SFK.*",MLBTF001
FINANCE,TCTF010_MBA,"1,1,1,2,2,4,2,8,4,15,2,4,4,2,4,4,3,2,2,4,1,4,24",/cfs/app/etl_p14/ecdw_apps_p14/mftlbl/files/srcfiles/weekly/sfload,"""DWPC.DW066.AC.TCTF010.NDMFILE.SFK
DWPC.DW066.AH.TCTF010.NDMFILE.SFK
DWPC.DW066.AL.TCTF010.NDMFILE.SFK
DWPC.DW066.AN.TCTF010.NDMFILE.SFK
DWPC.DW066.AR.TCTF010.NDMFILE.SFK
DWPC.DW066.AT.TCTF010.NDMFILE.SFK
DWPC.DW066.AU.TCTF010.NDMFILE.SFK
DWPC.DW066.AX.TCTF010.NDMFILE.SFK
DWPC.DW066.RC.TCTF010.NDMFILE.SFK
DWPC.DW066.RH.TCTF010.NDMFILE.SFK
DWPC.DW066.RL.TCTF010.NDMFILE.SFK
DWPC.DW066.RN.TCTF010.NDMFILE.SFK
DWPC.DW066.RR.TCTF010.NDMFILE.SFK
DWPC.DW066.RT.TCTF010.NDMFILE.SFK
DWPC.DW066.RU.TCTF010.NDMFILE.SFK
DWPC.DW066.RX.TCTF010.NDMFILE.SFK""",LDMTF010
FINANCE,TCTF015_FINANCIAL_TRANSACTION,"1,2,9,6,4,4,2,2,4,4,4,8,9,9,2,5,13,11,3,6,7,15,6,10,5,35,15,10,30,100,100,100,6,16,15,14,6,21,21,4,1,8,3,15",/cfs/app/etl_p14/ecdw_apps_p14/mftlbl/files/srcfiles/daily/sfload,DWPC.FDW.C.TCTF015.NDMFILE.SFK.*.dat,MLCTF015
CUSTOMER,TSLC031_RATED_FEATURE,"1,1,3,1,9,6,8,6,8,6,8,6,010,6,5,5,1,1,1,1,3,1,2,1,1,1,1,1,013,013,013,2,011,1,1,2,1,2,1,2,1,2,9,2,2,9,2,2,4,4,8,1,1,2,2,4,6,2,2,5,8,6",/cfs/app/etl_p14/ecdw_apps_p14/mftlcs/files/srcfiles/daily/ondemand/sfload,DWPC.DW075.TSLC031.NDMFILE.*.dat,MLSLC031
CUSTOMER,TSLC032_SALES_REP_SALES,"1,1,3,1,010,8,6,8,6,10,6,5,5,8,6,5,1,8,016,3,011,1,2,1,9,15,013,9,9,8,6,298",/cfs/app/etl_p14/ecdw_apps_p14/mftlcs/files/srcfiles/daily/ondemand/sfload,DWPC.DW075.TSLC032.NDMFILE.*.dat,MLSLC032
NETWORK,TCTN230_EQUIPMENT_LOCATION_WK,"1,13,2,8,8,1",/cfs/app/etl_p81/edw_apps_p81/edwntk/files/srcfiles/daily/sfload,"DWPC.DYPI010.A.TCTN230.SFK.NDMFILE.*.DAT
DWPC.DYPI010.B.TCTN230.SFK.NDMFILE.*.DAT
DWPC.DYPI010.N.TCTN230.SFK.NDMFILE.*.DAT
DWPC.DYPI010.P.TCTN230.SFK.NDMFILE.*.DAT
DWPC.DYPI010.S.TCTN230.SFK.NDMFILE.*.DAT","MLTN230A
MLTN230B
MLTN230N
MLTN230P
MLTN230S"
USAGE,T86101_ACCESS_USAGE,"1,13,8,11,4,1,2,8,1,4,1,1,1,5,1,1,13,1,11,4,12,8,10,1,1,1,1,1,3,3,12,15,13,8,8,8,8,1,13,1,8,8,11,11,11,3,11,1,11,1,1,1,1,1,1,1,11,8,4,7,1,2,1,1,1,13,13,7,7,2,4,3,5,11,5,1,4,12,12,12,12,12,12,12,12,12,4,1,41,1,6,2,1,1,6,2,3,1,1,8,2,1,1,14",/cfs/app/etl_p26/ecdw_apps_p26/edwusg/files/srcfiles/weekly/sfload,"DWPC.DW70011A.C.T86101.NDMFILE.SFK.*.DAT
",LDM86101
FINANCE,T8A010_MBA,"1,1,1,2,2,4,2,8,4,15,2,4,4,2,4,4,3,2,2,7,1,4,24",/cfs/app/etl_p14/ecdw_apps_p14/mftlbl/files/srcfiles/monthly/sfload,"DWPC.DW061.T8A010.NDMFILE.SFK.*.DAT
DWPC.DW062.T8A010.NDMFILE.SFK.*.DAT",LDM8A010
FINANCE,TATF015_BILLED_JOURNAL_REVENUE,"3,3,4,3,4,4,5,2,6,1,2,1,2,8,8,2,1,5,5,2,2,2,1,1,1,3,3,4,8,2,9,15,1",/cfs/app/etl_p14/ecdw_apps_p14/mftlbl/files/srcfiles/daily/ondemand/sfload,"DWPC.BILLREV.TATF015.NDMFILE.SFK.*.DAT
",MLATF015
CUSTOMER,TATC113_BILLRND_20_LOAD_DT_WK,"1,1,3,3,4,3,8,1,1,2,1,9,4,1,1,8,1,2",/cfs/app/etl_p14/ecdw_apps_p14/mftlcs/files/srcfiles/daily/ondemand/sfload,"DWPC.A2C390W.AE.TATC113.NDMFILE.SFK.*.DAT
DWPC.A2C390W.AG.TATC113.NDMFILE.SFK.*.DAT
DWPC.A2C390W.AJ.TATC113.NDMFILE.SFK.*.DAT
DWPC.A2C390W.AM.TATC113.NDMFILE.SFK.*.DAT
DWPC.A2C390W.AQ.TATC113.NDMFILE.SFK.*.DAT",MLATC113
SERVICE_ORDER,TCTV802_ORDER_ACTION_WORK,"1,19,10,2,2,255,80,19,19,254,256,1,1,19,19,30,8,8,3",/cfs/app/etl_p14/ecdw_apps_p14/mftlcs/files/srcfiles/daily/ondemand/sfload,"DWPC.DW311E0C.MRG.TCTV802.NDMFILE.SFK.*.DAT
",MLCTV802
SERVICE_ORDER,TCTV811_ASSIGNED_PROD_WORK,"1,18,1,18,19,19,8,8,3",/cfs/app/etl_p14/ecdw_apps_p14/mftlcs/files/srcfiles/daily/ondemand/sfload,"DWPC.DW301E0C.MRG.TCTV811.NDMFILE.SFK.*.DAT
",MLCTV811
SERVICE_ORDER,TCTV812_ASSIGNED_PROD_ITEM_WRK,"1,18,10,50,8,18,50,8,10,1,10,6,50,2,19,19,2,10,50,8,2,2,19,19,19,8,8,3",/cfs/app/etl_p14/ecdw_apps_p14/mftlcs/files/srcfiles/daily/ondemand/sfload,"DWPC.DW318E0C.MRG.TCTV812.NDMFILE.SFK.*.DAT
",MLCTV812
SERVICE_ORDER,TCTV813_ASGND_PROD_ITEM_WORK,"1,18,10,50,150,19,19,8,8,3",/cfs/app/etl_p14/ecdw_apps_p14/mftlcs/files/srcfiles/daily/ondemand/sfload,"DWPC.DW319E0C.MRG.TCTV813.NDMFILE.SFK.*.DAT
",MLCTV813
SERVICE_ORDER,TCTV816_ASGND_PROD_PRICE_WORK,"1,18,10,5,8,1,10,1,19,2,1,1,1,8,8,3,8,10,50,8,2,2,18,50,8,19,19,2,1,19,19,8,8,3",/cfs/app/etl_p14/ecdw_apps_p14/mftlcs/files/srcfiles/daily/ondemand/sfload,"DWPC.DW336E0C.MRG.TCTV816.NDMFILE.SFK.*.DAT
",MLCTV816
FINANCE,TCCF022_REVENUE_CODES,"1,3,1,1,10,1,1,1,10,2,30,2,5,3,3,2,9,1,4,1,4,1,4,1,4,1,70,1,4,30",/cfs/app/etl_p14/ecdw_apps_p14/mftlbl/files/srcfiles/daily/sfload,"DWPC.DW070.REVENUE.TCCF022.NDMFILE.SFK.*.DAT
",MLCCF022
FINANCE,TCCF301_CUST_BNDL_BLG_TRNSCTN,"1,10,1,4,1,2,3,3,4,3,3,3,4,3,3,3,4,3,4,2,8,6,2,1,1,5,5,8,8,4,4,1,13,4,1,4,4,1,8,6,1,16,8,8,10,3,1,9,1,2,9,7",/cfs/app/etl_p14/ecdw_apps_p14/mftlbl/files/srcfiles/daily/sfload,"DWPC.DWCCF301.TCCF301.NDMFILE.SFK.*.DAT
",MLCCF301
FINANCE,TCIF001_INTERNET_SVCS_JRNL_REV,"1,1,10,6,8,7,9,14,3,3,4,4,4,5,1,30,1,6,18,18,20",/cfs/app/etl_p14/ecdw_apps_p14/mftlbl/files/srcfiles/monthly/sfload,"DWPC.DW068.TCIF001.NDMFILE.SFK.*.DAT
",MLCIF001
FINANCE,TCMF004_MSGNG_TAX_DTL,"1,7,5,10,2,10,10,10,2,9,1,6",/cfs/app/etl_p14/ecdw_apps_p14/mftlbl/files/srcfiles/monthly/sfload,"DWPC.MSGTAX.TCMF004.NDMFILE.SFK.*.DAT
",MLCMF004
FINANCE,TCTF001_USAGE_REVENUE_ACCRUAL,"1,1,6,3,2,1,2,10,10,13,14",/cfs/app/etl_p14/ecdw_apps_p14/mftlbl/files/srcfiles/monthly/sfload,"DWPC.DWCTF001.TCTF001.NDMFILE.SFK.*.DAT
",MLCTF001
FINANCE,TPCF001_JRNL_ENTRY_LINE_ITEM,"1,9,8,4,6,3,4,4,4,4,3,3,4,3,4,2,4,15,1,4,8,8,5,11,9,1,1,4,3,3,1,5,1,1,4,2,3,1,3,8,3,2,1,1",/cfs/app/etl_p14/ecdw_apps_p14/mftlbl/files/srcfiles/daily/sfload,"DWPC.TPCF001.NDMFILE.SFK.*.DAT
",MLPCF001
FINANCE,TPMF001_JRNL_ENTRY_LINE_ITEM,"1,9,8,4,6,3,4,4,4,4,3,3,4,3,4,2,4,15,1,4,8,8,5,11,9,1,1,4,3,3,1,5,1,1,4,2,3,1,3,8,3,2,1,1",/cfs/app/etl_p14/ecdw_apps_p14/mftlbl/files/srcfiles/daily/sfload,"DWPC.TPMF001.NDMFILE.SFK.*.DAT
",MLPMF001
FINANCE,TPTF002_JOURNAL_REVENUE_HIST,"3,3,4,3,5,6,1,4,4,5,1,4,8,17,9,1,1,15,1,2,1,1,1,1,1,8,8,3,1,1,2,1,4,4,4,3,6,1,4,4,4,5,1,3,4,4,1,4,4,3,1,3,1,1,1,1,4,3,3,3,8,8,1,1,2,2,9,9,4,9,2,1,7,1,7,1,10,10,8",/cfs/app/etl_p14/ecdw_apps_p14/mftlbl/files/srcfiles/monthly/sfload,"DWPC.XPORTS05.TPTF002.NDMFILE.SFK.*.DAT
",MRPTF002
FINANCE,TPTF006_PURCHASE_RCVBL_HIST,"3,3,4,3,1,1,4,8,4,11,3,8,10,4,3,4,4,4,4,5,4,4,6,8,8,6,4,3,4,4,4,4,5,4,4,4,4,17,5,5,5,3,3,3,8,8",/cfs/app/etl_p14/ecdw_apps_p14/mftlbl/files/srcfiles/monthly/sfload,"DWPC.XPORTS04.TPTF006.NDMFILE.SFK.*.DAT
",MLPTF006
FINANCE,TTTR002_ACS_PROD_SVC_HRCHY,"1,6,60,10,60",/cfs/app/etl_p14/ecdw_apps_p14/mftlbl/files/srcfiles/monthly/sfload,"DWPC.TTTR002.NDMFILE.SFK.*.DAT
",MLTTR002
FINANCE,TUCF002_CUSTOMER_ACCOUNT,"1,3,3,4,3,6,11,1,2,1,11,4,8",/cfs/app/etl_p14/ecdw_apps_p14/mftlbl/files/srcfiles/monthly/sfload,"DWPC.DN74511A.TUCF002.NDMFILE.SFK.*.DAT
",MLUCF002
FINANCE,TUCF901_CRIS_REVENUE_SUM,"8,3,3,11,6,2,4,4,10,8,4,4,17",/cfs/app/etl_p14/ecdw_apps_p14/mftlbl/files/srcfiles/monthly/sfload,"DWPC.XPORTS02.TUCF901.NDMFILE.SFK.*.DAT
",MLUCF901
PRODUCTS,TATS210_WTN_PIC_LPIC_TEMP,"1,1,3,3,4,3,3,3,4,1,8,7,2,8,7,2,8,1,5,1,8,4",/cfs/app/etl_p14/ecdw_apps_p14/mftlcs/files/srcfiles/daily/ondemand/sfload,DWDA.DW075.A.TSTS210.NDMFILE.SFK,INATS210
PRODUCTS,TPTS422_EQUIPMENT_DAILY,"1,1,3,3,4,3,1,11,1,6,7,1,5,3,3,4,5,1,1,1,8,3,8,8,8,6,12,9,5,1,1,12,10,29,12,1,1,2,3,4,5,4,3,3,4,1,1,1,1,1,8,4,1,2,2,5,1",/cfs/app/etl_p14/ecdw_apps_p14/mftlcs/files/srcfiles/daily/sfload,DWDA.DW862000.PK.TPTS422.NDMFILE.SFK.*.dat,MLPTS422
BILLING,TCCB112_CREDIT_HISTORY,"1,3,3,4,3,8,1,1,1,1,1,1,1,1,1,1,1,1,1,1,1,1,1,1,1,1,1,1,1,1,3,10,78",/cfs/app/etl_p14/ecdw_apps_p14/mftlbl/files/srcfiles/daily/sfload,DWPC.DW024A1U.TCCB112.NDMFILE.SFK.*.dat,MLCB112E
CUSTOMER,T82009_BILL_NAME_ADDR_NEXT,"1,3,3,4,3,1,5,1,1,1,1,1,3,1,1,1,6,2,8,8,1,2,3,9,4,3,11,30,30,30,30,20,5,4,5,13,11,14,14,1,2,8,1,3,3,1,6,2,2,2,2,2,1,1,6,1,14,14,3,1,3,3,1,1,1,1,3,3,4,1,1,3,3,4,7,1,13,13,2,1,3,3,4,8,8,1,3,3,4,3,23,1,4,30,13,1,1,1,5,1,1,1,1,1,8,8,3,6,3,3,3,6,3,1,1,2,1,1,3,6,2,14,14,1,3,8,6,4,1,3,1,3,3,4,3,13,13,5,1,1,1,1,14,13,8,11,8,4,1,6,1,1,1,1,13",/cfs/app/etl_p14/ecdw_apps_p14/mftlcs/files/srcfiles/monthly/sfload,DWPC.DW601.T82008.NDMFILE.SFK.*.DAT,LDN82008
CUSTOMER,T82A10_LST_SVC_NM_ADR_EOM_NEXT,"1,3,3,4,3,12,1,7,8,5,56,2,20,2,5,56,25,20,2,5,56,25",/cfs/app/etl_p14/ecdw_apps_p14/mftlcs/files/srcfiles/monthly/sfload,DWPC.DW57.AF.T82A10.NDMFILE.SFK.*.DAT,LDM82A10
CUSTOMER,TATC108_MOVE_TRACKING,"1,3,3,4,3,1,13,13,3,3,4,3,1,8,8,2,1,1,3,3,4,3",/cfs/app/etl_p14/ecdw_apps_p14/mftlcs/files/srcfiles/daily/sfload,DWPC.DW92511A.A.TATC108.NDMFILE.SFK.*.DAT,MLATC108
CUSTOMER,TATC113_BILLRND_20_LOAD_DT_WK,"1,1,3,3,4,3,8,1,1,2,1,9,4,1,1,8,1,2",/cfs/app/etl_p14/ecdw_apps_p14/mftlcs/files/srcfiles/daily/ondemand/sfload,"DWPC.A2C390W.AE.TATC113.NDMFILE.SFK.*.DAT
DWPC.A2C390W.AG.TATC113.NDMFILE.SFK.*.DAT
DWPC.A2C390W.AJ.TATC113.NDMFILE.SFK.*.DAT
DWPC.A2C390W.AM.TATC113.NDMFILE.SFK.*.DAT
DWPC.A2C390W.AQ.TATC113.NDMFILE.SFK.*.DAT",MLATC113
CUSTOMER,TATC305_20_DAILY_WK,"1,11,1,16,2",/cfs/app/etl_p14/ecdw_apps_p14/mftlcs/files/srcfiles/daily/ondemand/sfload,DWPC.A2C300W.AEH.TATC305.NDMFILE.SFK.*.dat,M3ATC305
CUSTOMER,TBLC002_TOLL_BLOCK_WORK,"1,13,6,2,1,20,8,5,84",/cfs/app/etl_p14/ecdw_apps_p14/mftlcs/files/srcfiles/monthly/sfload,"DWPC.DWTBG002.TBLC002.NDMFILE.SFK.*.dat
",FLBLC002
CUSTOMER,TCCC411_BILL_ON_DAILY,"1,1,3,3,4,3,3,1,1,1,5,1,1,1,3,3,1,4,6,3,13,16,3,18",/cfs/app/etl_p14/ecdw_apps_p14/mftlcs/files/srcfiles/daily/ondemand/sfload,DWPC.DW687A0U.TCCC411.NDMFILE.SFK.*.DAT,MLCCC411
SERVICE_ORDER,TCTV007_PRTNR_SYS_INFO_WORK,"1,18,10,19,19,60,30,10,10,60,60,60,105,55,10,50,60,100,10,10,20,2048,105,10,10,13,13,50,50,60,13,100,60,1,60,60,60,60,20,70,50,50,40,1,10,40,40",/cfs/app/etl_p14/ecdw_apps_p14/mftlcs/files/srcfiles/daily/ondemand/sfload,"DWPC.DW297E0C.MRG.TCTV007.NDMFILE.SFK.*.DAT

",MLCTV007
MARKETING,AIT_SWIFTS_DEMOGRAPH,"8,5,5,20,3,3,40,5,1,40,6,40,8,20,5,2,3",/cfs/app/etl_p81/edw_apps_p81/azn_edwmk/files/srcfiles/monthly/sfload,"DWPC.SWIFTS.AIT.NDMFILE.SFK.*.dat


",AITSWIFT
MARKETING,PACBELL_UPDATE_TBL,"3,3,4,4,1,1,1,1,1,1,1,1,1,1,1,1,1,1,1,1,1,1,1,1,8,38",/cfs/app/etl_p81/edw_apps_p81/azn_edwmk/files/srcfiles/monthly/sfload,"DWPC.BC91911A.PACBELL.NDMFILE.SFK.*.dat
",PBFTLOD2
MARKETING,SWIFTS_DEMOGRAPH,"8,5,5,20,3,3,40,5,1,40,6,40,8,20,5,2,3",/cfs/app/etl_p81/edw_apps_p81/azn_edwmk/files/srcfiles/monthly/sfload,DWPC.SWIFTS.NDMFILE.SFK.*.dat,DW87013K
MARKETING,T87013_CA_NV_YAHOO_POP_LIST,"1,1,3,3,1,11,1,1,1,1,1,4,21",/cfs/app/etl_p81/edw_apps_p81/azn_edwmk/files/srcfiles/monthly/sfload,DWPC.SWBT.T87013Y.NDMFILE.SFK.*.dat,LDWTPOPS
MARKETING,T87013_SWBT_EASE_CFN,"1,1,3,3,4,4,1,11,1,3,3,4,1,1,9",/cfs/app/etl_p81/edw_apps_p81/azn_edwmk/files/srcfiles/monthly/sfload,"DWPC.SBCSW.C.T87013.NDMFILE.SFK.*.dat
",MLT87SPC
MARKETING,TATM001_AIT_CUST_APPLICATION,"ML3TM001 - 1,1,3,3,4,3,1,15,7(Weekly)
ML4TM001 - 1,1,3,3,4,3,2,3,3 (Weekly)
ML2TM001/ML1TM001 - 1,1,3,3,4,3,1,2,1,3,1,3",/cfs/app/etl_p81/edw_apps_p81/azn_edwmk/files/srcfiles/monthly/sfload,"DWPC.AIT2EDW.W1.TATM001.NDMFILE.SFK.*.DAT
DWPC.AIT2EDW.W2.TATM001.NDMFILE.SFK.*.DAT
DWPC.AIT2EDW.M1.TATM001.NDMFILE.SFK.*.DAT
DWPC.AIT2EDW.M2.TATM001.NDMFILE.SFK.*.DAT
DWPC.AIT2EDW.M3.TATM001.NDMFILE.SFK.*.DAT
","ML3TM001
ML4TM001
ML1TM001
ML2TM001"
MARKETING,TATM002_AIT_ACCESS_CUST_APPL,"ML3TM002 - 1,1,13,1,15,7
ML4TM002 - 1,1,13,2,3,3
Monthly:
ML1TM002/ML2TM002 - 1,1,13,1,2,1,3,1,3",/cfs/app/etl_p81/edw_apps_p81/azn_edwmk/files/srcfiles/weekly/sfload,"DWPC.AIT2EDW.W1.TATM002.NDMFILE.SFK.*.DAT
DWPC.AIT2EDW.W2.TATM002.NDMFILE.SFK.*.DAT
DWPC.AIT2EDW.M1.TATM002.NDMFILE.SFK.*.DAT
DWPC.AIT2EDW.M2.TATM002.NDMFILE.SFK.*.DAT
","ML3TM002
ML4TM002
ML1TM002
ML2TM002
"
MARKETING,TATM013_GEO_EXCHCO,"3,3,4,4,10,3,3",/cfs/app/etl_p81/edw_apps_p81/azn_edwmk/files/srcfiles/monthly/sfload,DWPC.EXCHCO.TATM013.NDMFILE.SFK.*.DAT,GEOEXCLD - Load
MARKETING,TATM013_GEO_NPANXX,"10,3,3,1,1,1,1,1,1,1,1,1,1,1,1,1,1,1,1,1,1,1,1,1,1,1,1,1,1,1,1,1,1,2,1,1,1,1,1,1,1,1,1,1,1,1,1,1,1,1,1,1,1,1,1,1,1,1,1,1,1,1,1,1,1,1,1,1,1,1,1,1,1,1,1,1,3,3,4,3,3,4,1,10,3,3,7,1,1,1,1,1,1,1,1,1,1,1,1,30,8,8,8",/cfs/app/etl_p81/edw_apps_p81/azn_edwmk/files/srcfiles/monthly/sfload,DWPC.AIT.TATM013.NDMFILE.SFK.*.DAT,GEONPALD
MARKETING,TATM013_GEO_RANGE,"8,1,2,1,3,3,4,4,1,11,1,5,1,1,34",/cfs/app/etl_p81/edw_apps_p81/azn_edwmk/files/srcfiles/monthly/sfload,DWPC.BC91911A.TATM013.NDMFILE.SFK.*.DAT,GEOGLOAD - Load
MR2000,TCCR290_CPE_PROJECT,"1,2,7,30,40,20,4,8,8,30,10,9,14,2,4,4,30,3,40,8,7,6,13,1,3,15,15,8,8,3",/cfs/app/etl_p81/edw_apps_p81/azn_mr2000/files/srcfiles/weekly/sfload,DWPC.DWCCR290.TCCR290.NDMFILE.SFK.*.dat ,MLCCR290
MR2000,TCCR291_CPE_CUSTOMER,"1,2,15,15,100,40,40,40,2,20,3,10,10,10,50,1,1,10,255,10",/cfs/app/etl_p81/edw_apps_p81/azn_mr2000/files/srcfiles/weekly/sfload,DWDA.DWCCR291.TCCR291.NDMFILE.SFK.*.dat ,MLCCR291
MR2000,TCTF020_GLOBAL_GL_DETAIL_STAGE,"1,2,9,6,4,4,2,2,4,4,4,8,9,9,2,5,13,11,3,6,7,15,6,10,5,25,15,10,30,100,100,100,6,16,15,14,6,21,21,4,1,8,3,15",/cfs/app/etl_p81/edw_apps_p81/azn_mr2000/files/srcfiles/daily/sfload,ERSFRCQ.DTVDT.TCTF020.NDMFILE.SFK.*.dat,MLCTF020
MR2000,TCTF020_GLOBAL_GL_HEADER_STAGE,"1,1,4,1,4,1,1,1,8,7,2,2,1,6,9,7,1,6",/cfs/app/etl_p81/edw_apps_p81/azn_mr2000/files/srcfiles/daily/sfload,ERSFRCQ.DTVHD.TCTF020.NDMFILE.SFK.*.dat,MLCTF020
MR2000,TPTF001_JOURNAL_REVENUE_STAGE,"1,4,6,1,3,3,4,3,3,1,4,2,4,4,1,1,8,5,8,4,4,4,4,4,4,4,4,1,1,3,3,3,1,1,1,3,1,1,2,1,1,1,1,3,1,1,1,3,9,5,6,4,4,1,15,10,15,8,3,1,2,1,1,1,8,10,5,2,9,9,4,2,1,8,1,8,1",/cfs/app/etl_p81/edw_apps_p81/azn_mr2000/files/srcfiles/daily/sfload,"ERSFRCA.DWPTFB01.TPTF001.NDMFILE.SFK.*.dat
ERSFRCA.D1PTFB01.TPTF001.NDMFILE.SFK.*.dat",MLPTF001
MR2000,TTTR004_SUB_ACCOUNT_WORK,"1,6,40,6,6,4",/cfs/app/etl_p81/edw_apps_p81/azn_mr2000/files/srcfiles/monthly/sfload,DWDA.DWTTR004.TTTR004.NDMFILE.SFK.*.dat,"MLTTR004
"
MR2000,TTTR005_ACCOUNT_WORK,"1,6,40,6,10",/cfs/app/etl_p81/edw_apps_p81/azn_mr2000/files/srcfiles/monthly/sfload,DWDA.DWTTR005.TTTR005.NDMFILE.SFK.*.dat,"MLTTR005
"
MR2000,TTTR006_PRODUCT_SVC_HRCHY_ASGN,"1,10,6,6,15,6,4,3,1,4,14,10,30,90",/cfs/app/etl_p81/edw_apps_p81/azn_mr2000/files/srcfiles/monthly/sfload,DWPC.DWTTR006.TTTR006.NDMFILE.SFK.*.DAT,MLTTR006
MR2000,TTTR008_LVL_3_SUB_ACCT_WORK,"1,6,90,6,6",/cfs/app/etl_p81/edw_apps_p81/azn_mr2000/files/srcfiles/monthly/sfload,DWPC.DWTTR008.TTTR008.NDMFILE.SFK.*.DAT,"MLTTR008
"
MR2000,TTTR009_LVL_4_ACCOUNT_WORK,"1,6,90,8,6",/cfs/app/etl_p81/edw_apps_p81/azn_mr2000/files/srcfiles/monthly/sfload,DWPC.DWTTR009.TTTR009.NDMFILE.SFK.*.DAT,"MLTTR009
"
MR2000,TTTR010_LVL_5_ACCT_MASTER_WORK,"1,8,90,9,6",/cfs/app/etl_p81/edw_apps_p81/azn_mr2000/files/srcfiles/monthly/sfload,DWPC.DWTTR010.TTTR010.NDMFILE.SFK.*.DAT,"MLTTR010
"
MR2000,TTTR011_DUN_BRADST_GLOBAL_WORK,"1,9,90,6",/cfs/app/etl_p81/edw_apps_p81/azn_mr2000/files/srcfiles/monthly/sfload,DWPC.DWTTR011.TTTR011.NDMFILE.SFK.*.DAT,"MLTTR011
"
MR2000,TTTR012_SALES_POSITION_WORK,"1,4,40,40,6",/cfs/app/etl_p81/edw_apps_p81/azn_mr2000/files/srcfiles/monthly/sfload,DWPC.DWTTR012.TTTR012.NDMFILE.SFK.*.DAT,"MLTTR012
"
MR2000,TZTF023_MASTER_RC,"9,9,2,1,2,1,4,1,2,1,2,1,4,37,9,2,1,2,1,4,1,2,1,2,1,4,1",/cfs/app/etl_p81/edw_apps_p81/azn_mr2000/files/srcfiles/daily/sfload,SWAPSC.DWZTF023.TZTF023.NDMFILE.SFK.*.DAT,MLZTF023
MR2000,TZTF105_REV_ELMNTN_CARRIER,"1, 5, 80, 8, 8",/cfs/app/etl_p81/edw_apps_p81/azn_mr2000/files/srcfiles/daily/sfload,DWDA.DWZTF105.TZTF105.NDMFILE.SFK.*.dat,MLZTF105
MR2000,TZTF106_REVENUE_ELMNTN_AFLT,"1, 11, 8, 8, 33",/cfs/app/etl_p81/edw_apps_p81/azn_mr2000/files/srcfiles/daily/sfload,DWDA.DWZTF106.TZTF106.NDMFILE.SFK.*.dat,MLZTF106
MR2000,TZTF107_REV_ELMNTN_CXR_ACCT,"1, 2, 3, 3, 4, 3, 8, 8, 8, 1, 28",/cfs/app/etl_p81/edw_apps_p81/azn_mr2000/files/srcfiles/daily/sfload,DWDA.DWZTF107.TZTF107.NDMFILE.SFK.*.dat,MLZTF107
MR2000,TZTF337_MOB_SGMNT_ALLCT_LOAD,"11,20,15,2,8,10,10,15,1,10,2,10,7,18",/cfs/app/etl_p81/edw_apps_p81/azn_mr2000/files/srcfiles/monthly/sfload,DWPC.MR2020.TZTF337.NDMFILE.SFK.*.DAT,MLZTF337
MR2000,TZTF502_STMS_CUST_LVL_STAGE,"01, 08, 09, 02, 04, 08, 08, 16, 04, 03, 03, 09, 01, 17, 03, 04, 04, 12, 01, 09, 03, 16, 09, 01, 17, 17, 02, 09, 02, 32, 18, 17, 01, 07, 12, 08, 02, 10, 10, 32",/cfs/app/etl_p81/edw_apps_p81/azn_mr2000/files/srcfiles/daily/sfload,ERSFRCQ.DTVDT.TZTF502.NDMFILE.SFK.*.dat,"MLZTF502
"
MR2000,TZTF502_STMS_CUST_LVL_STAGE_HD,"01, 01, 01, 08, 07, 06, 07, 06",/cfs/app/etl_p81/edw_apps_p81/azn_mr2000/files/srcfiles/daily/sfload,ERSFRCQ.DTVHD.TZTF502.NDMFILE.SFK.*.dat,MLZTF502
MR2000,TZTF502_STMS_CUST_LVL_STAGE_TR,"01, 01, 01, 08, 15, 17, 01, 15, 17",/cfs/app/etl_p81/edw_apps_p81/azn_mr2000/files/srcfiles/daily/sfload,ERSFRCQ.DTVTR.TZTF502.NDMFILE.SFK.*.dat,MLZTF502
MR2000,TZTF504_OM_CUST_LVL_REV_STAGE,"01, 08, 04, 24, 07, 10, 50, 20, 04, 04, 12, 20, 20, 10, 10, 02, 03, 03, 01, 09, 03, 30, 32, 18, 10, 60, 1000, 250, 10, 75",/cfs/app/etl_p81/edw_apps_p81/azn_mr2000/files/srcfiles/daily/sfload,"ERSFRCQ.DTVDT.TZTF504.
NDMFILE.SFK.*.dat

","MLZTF504
"
MR2000,TZTF504_OM_CUST_LVL_REV_STG_HD,"01, 01, 01, 08, 07, 06, 07",/cfs/app/etl_p81/edw_apps_p81/azn_mr2000/files/srcfiles/daily/sfload,"ERSFRCQ.DTVHD.TZTF504.
NDMFILE.SFK.*.dat

","MLZTF504
"
MR2000,TZTF504_OM_CUST_LVL_REV_STG_TR,"01, 01, 01, 08, 15, 20",/cfs/app/etl_p81/edw_apps_p81/azn_mr2000/files/srcfiles/daily/sfload,"ERSFRCQ.DTVTR
.TZTF504.
NDMFILE.SFK.*.dat","MLZTF504
"
MR2000,TZTF531_DTV_INTRNL_ORDR_STG_DT,"1, 03, 09, 29, 04, 02, 01, 04, 04, 04, 18, 10, 10, 12, 10, 10, 12, 50, 100, 02",/cfs/app/etl_p81/edw_apps_p81/azn_mr2000/files/srcfiles/weekly/sfload,ERSFRCQ.DTVDT.TZTF531.NDMFILE.SFK.*.dat,"MLZTF531
"
MR2000,TZTF531_DTV_INTRNL_ORDR_STG_HD,"01, 01, 01, 08, 07, 06, 07",/cfs/app/etl_p81/edw_apps_p81/azn_mr2000/files/srcfiles/weekly/sfload,ERSFRCQ.DTVHD.TZTF531.NDMFILE.SFK.*.dat,MLZTF531
MR2000,TZTF531_DTV_INTRNL_ORDR_STG_TR,"01, 01, 01, 08, 15, 17",/cfs/app/etl_p81/edw_apps_p81/azn_mr2000/files/srcfiles/weekly/sfload,ERSFRCQ.DTVTR.TZTF531.NDMFILE.SFK.*.dat ,MLZTF531
MR2000,TZTF532_DTV_SAP_REV_01_STG_DT,"20, 20, 01, 09, 20, 04, 02, 01, 01, 01, 01, 04, 04, 04, 18, 10, 10, 12, 24, 10, 10, 12, 24, 50, 50, 10, 100",/cfs/app/etl_p81/edw_apps_p81/azn_mr2000/files/srcfiles/weekly/sfload,ERSFRCQ.DTVDT.TZTF532.NDMFILE.SFK.*.dat,"MLZTF532
"
MR2000,TZTF532_DTV_SAP_REV_01_STG_HD,"01, 01, 01, 08, 07, 06, 07",/cfs/app/etl_p81/edw_apps_p81/azn_mr2000/files/srcfiles/weekly/sfload,ERSFRCQ.DTVHD.TZTF532.NDMFILE.SFK.*.dat,MLZTF532
MR2000,TZTF532_DTV_SAP_REV_01_STG_TR,"01, 01, 01, 08, 15, 17",/cfs/app/etl_p81/edw_apps_p81/azn_mr2000/files/srcfiles/weekly/sfload,ERSFRCQ.DTVTR.TZTF532.NDMFILE.SFK.*.dat,MLZTF532
MR2000,TZTF536_DTV_SAP_RPT_09_STG,"01, 03, 06, 04, 02, 29, 01, 01, 04, 04, 04, 18, 10, 10, 12, 50, 40, 100",/cfs/app/etl_p81/edw_apps_p81/azn_mr2000/files/srcfiles/weekly/sfload,ERSFRCQ.DTVDT.TZTF536.NDMFILE.SFK.*.dat,"MLZTF536
"
MR2000,TZTF536_DTV_SAP_RPT_09_STG_HD,"01, 01, 01, 08, 07, 06, 07",/cfs/app/etl_p81/edw_apps_p81/azn_mr2000/files/srcfiles/weekly/sfload,ERSFRCQ.DTVHD.TZTF536.NDMFILE.SFK.*.dat,MLZTF536
MR2000,TZTF536_DTV_SAP_RPT_09_STG_TR,"01, 01, 01, 08, 15, 17",/cfs/app/etl_p81/edw_apps_p81/azn_mr2000/files/srcfiles/weekly/sfload,ERSFRCQ.DTVTR.TZTF536.NDMFILE.SFK.*.dat,MLZTF536
SDR_PROCESSES        ,VCCR0H3_ORG_NODE_PARENT_CHANGE,"10,
29,
10,
10,
10,
10,
01,
01,
10,
01 ",/cfs/app/etl_p81/edw_apps_p81/azn_sdr/files/srcfiles/daily/sfload,ERSFRCA.SDR.TCCR0H3.NDMFILE.SFK.*.dat ,"ZQC0CJ02


"
SDR_PROCESSES        ,TCCC008#CIM_SDR_COUNTS,"01, 07, 02, 08, 02, 10",/cfs/app/etl_p14/ecdw_apps_p14/mftlcs/files/srcfiles/daily/sfload,ERSFRCA.CIM.TCCC008.NDMFILE.SFK.*.dat,"ZQC01BL1

"
SDR_PROCESSES        ,VCCRH10_SALES_RES_SKILL_CHANGE,"10,29,10,50,2,10,10,1,1,10,1",/cfs/app/etl_p81/edw_apps_p81/azn_sdr/files/srcfiles/daily/sfload,ERSFRCA.ZQC0JJGC.TCCRH10.NDMFILE.SFK.*.dat,"ZQC0JJ02 - Mload Insert View
ZQH10G03 - Update, Insert, View
"
SDR_PROCESSES        ,VCCC200#BILL_ACCOUNT_CHANGE,"1,30,8,1,9,1,1,1,1,1,10,1,1,1,1,20,20,1,2,9,9,5,2,1,21,2,1,20,20,20,20,150,150,150,8,13,1,30.",/cfs/app/etl_p81/edw_apps_p81/azn_sdr/files/srcfiles/daily/sfload,SDRCQ.ZQCBFJ1C.TCCC200.NDMFILE.SFK.*.dat,"ZQBAPS04 - Update View
ZQBAPS07 - Update View
ZQBAPS08 - Update View
ZQ231G17 - Update View
ZQ231G20 - Update View
ZQ231G22 - Update View"
SDR_PROCESSES        ,VCCRH12_BU_HIERARCHY_LVL_CHG,"10,30,4,30,10,29,10,10,01,01,10,01",/cfs/app/etl_p81/edw_apps_p81/azn_sdr/files/srcfiles/daily/sfload,SDRCQ.ZQC0LJGC.TCCRH12.NDMFILE.SFK.*.dat,"ZQC0LJ02
ZQH12G03
ZQH12G04
ZQH12G11
ZQH12G12
ZQH12G13

"
SDR_PROCESSES        ,VCCR0H9_SALES_RES_CODE_CHANGE,"10,29,10,20,10,10,1,1,10,1",/cfs/app/etl_p81/edw_apps_p81/azn_sdr/files/srcfiles/daily/sfload,SDRCQ.ZQC0IJGC.TCCR0H9.NDMFILE.SFK.*.dat,"ZQC0IJ02
ZQ0H9G03
ZQ0H9G12"
SDR_PROCESSES        ,VCCR0H1_ORG_NODE_NAME_CHANGE,"10,29,10,80,10,10,1,1,10,1,80",/cfs/app/etl_p81/edw_apps_p81/azn_sdr/files/srcfiles/daily/sfload,SDRCQ.ZQC0AJGC.TCCR0H1.NDMFILE.SFK.*.dat ,"ZQC0AJ02
ZQ0H1G03
ZQ0H1G12"
SDR_PROCESSES        ,TCCC223_RAS_CPNI_HDRS_TRLRS,"5,5,4,4,6,8,6",/cfs/app/etl_p81/edw_apps_p81/azn_sdr/files/srcfiles/daily/sfload,"Header : SDRCQ.CPNIHDR.TCCC223.NDMFILE.SFK.*.dat
Trailer : SDRCQ.CPNITRL.TCCC223.NDMFILE.SFK.*.dat ",ZQRAS103
SDR_PROCESSES        ,VCCR0H7_SALES_RES_ROLE_CHANGE,"10, 29, 10, 50, 10, 10, 01, 01, 10, 01
",/cfs/app/etl_p81/edw_apps_p81/azn_sdr/files/srcfiles/daily/sfload,SDRCQ.ZQC0GJGC.TCCR0H7.NDMFILE.SFK.*.dat ,ZQC0GJ02
SDR_PROCESSES        ,VCCRH11_SLS_RES_AGENT_CHANGE,"10, 10, 10, 29, 10, 10, 01, 01, 10, 01, 02, 10",/cfs/app/etl_p81/edw_apps_p81/azn_sdr/files/srcfiles/daily/sfload,SDRCA.ZQC0GJGC.TCCR0H7.NDMFILE.SFK.*.dat,ZQC0KJ02
SDR_PROCESSES        ,VCCC630_ALOC_ADDR_ID_CHG,"01, 08, 01, 20, 20, 06, 26",/cfs/app/etl_p81/edw_apps_p81/azn_sdr/files/srcfiles/daily/sfload,ERSFRCA.AI.TCCC630.NDMFILE.SFK.*.dat,ZQC01ML4
SDR_PROCESSES        ,TCCC448_CUST_LOC_DMG_RLTN_CHG,"01,
08,
01,
09,
50,
02,
02,
150,
150,
150
",/cfs/app/etl_p81/edw_apps_p81/azn_sdr/files/srcfiles/daily/sfload,ERSFRCA.DMG.TCCC448.NDMFILE.SFK.*.dat,"ZQC01ML5
"
SDR_PROCESSES        ,VCCR0H6_SALES_RES_STAT_CHANGE,"10,29,10,40,10,10,01,01,10,01",/cfs/app/etl_p81/edw_apps_p81/azn_sdr/files/srcfiles/daily/sfload,SDRCQ.ZQC0FJGC.ADDSDATA.NDMFILE.SFK.*.dat,ZQC0FJ02
SDR_PROCESSES        ,VCCC600_ALOC_ATTRB_CHG,"01,08,01,26,20,100,100,100,50,10,16,10,50,30,30,08,10,10,03,15,25,05,03,03,03,05,70,07,08,05,05,05,10,05,10,30,06",/cfs/app/etl_p81/edw_apps_p81/azn_sdr/files/srcfiles/daily/sfload,SDRCQ.AA.OUT.NDMFILE.SFK.*.dat,ZQC01ML3
SDR_PROCESSES        ,VCCRH14_SLS_RS_SFM_ATTR_CHANGE,"10,29,10,10,10,40,10,10,10,10,10,01,01,01,01,01,30,05,40,20,30,10,10,30,40,40,40,01,01,10,01",/cfs/app/etl_p81/edw_apps_p81/azn_sdr/files/srcfiles/daily/sfload,SDRCQ.ZQC0NJGC.ADDSDATA.NDMFILE.SFK.*.dat,ZQC0NJ02
SDR_PROCESSES        ,OMS_COUNT_DAILY,"1,21",#N/A,SDRCQ.ZQC23JGC.OMSCNTD.NDMFILE.SFK.*.dat,ZQC23J02
SDR_PROCESSES        ,VCCR0H2_ORG_NODE_TERM_CHANGE,"10,29,10,10,10,01,01,10,01",/cfs/app/etl_p81/edw_apps_p81/azn_sdr/files/srcfiles/daily/sfload,SDRCQ.ZQC0BJGC.ADDSDATA.NDMFILE.SFK.*.dat,ZQC0BJ02
MR2000,TZTFE01_BDS_AIM_RECEIPT_STAGE,"30,8,1,8,5,30,2,2,1,1,6,1,30,4,5,5,5,4,10,4,6,15,5,11,1,8,2,6,9,9,2,2,11,2,11,2,60,6,30,60,8,8,8",/cfs/app/etl_p81/edw_apps_p81/azn_mr2000/files/srcfiles/daily/sfload,"ERSFRCQ.DWZTBD01.TZTFE01
.NDMFILE.SFK.*.dat","MLZTBD01
"
MR2000,TZTFE09_CONSENT_DETAILS_STAGE,"38,22,19,19,22,22,128,19,128,10,10,19",/cfs/app/etl_p81/edw_apps_p81/azn_mr2000/files/srcfiles/daily/sfload,"ERSFRCQ.DWZTFE09.TZTFE09
.NDMFILE.SFK.*.dat","MLZTFE09
"
MR2000,"10, 2, 4, 5, 15, 10, 11, 15, 14, 9, 11, 5, 12, 4, 4, 10, 4, 5, 10, 10, 2, 1, 1, 6 , 10, 2, 3, 10, 10, 6 , 2, 6, 2, 1, 1, 10, 10, 20, 1, 12, 50, 12, 50 ,12, 8, 50, 20, 6, 100, 100, 4, 20, 20 ,20, 10 ","10, 2, 4, 5, 15, 10, 11, 15, 14, 9, 11, 5, 12, 4, 4, 10, 4, 5, 10, 10, 2, 1, 1, 6 , 10, 2, 3, 10, 10, 6 , 2, 6, 2, 1, 1, 10, 10, 20, 1, 12, 50, 12, 50
12, 8, 50, 20, 6, 100, 100, 4, 20, 20 ,20, 10 ",/cfs/app/etl_p81/edw_apps_p81/azn_mr2000/files/srcfiles/daily/sfload,ERSFRCQ.DWZSFE11.TZTFE11.NDMFILE.SFK.*.DAT,"MLSTFE11
"
MR2000,TZTFE14_MULTI_ACCT_ROLE_STAGE,"22, 22, 256, 256, 128, 19, 19, 22, 22, 19, 38, 19, 1  ",/cfs/app/etl_p81/edw_apps_p81/azn_mr2000/files/srcfiles/daily/sfload,"ERSFRCQ.DWZTFE14.TZTFE14
.NDMFILE.SFK.*.dat
","MLZTFE14
"
MR2000,TZTFE16_TITAN_TYPE2_STAGE_TEMP,"10, 2, 4, 5, 15, 10, 4, 15, 14, 9, 10, 5, 12, 4, 4, 10, 4, 5, 10, 10, 2,1, 1, 6, 10, 2, 3, 10, 10, 6, 2, 6, 2 , 1, 1 , 10, 10, 20, 1, 12, 50, 12, 50, 12, 8, 50, 20, 6, 100, 100, 4, 20, 20, 20, 10 ",/cfs/app/etl_p81/edw_apps_p81/azn_mr2000/files/srcfiles/daily/sfload,"ERSFRCQ.DWZSFE16.TZTFE16.NDMFILE.SFK.*.dat
","MLSTFE16
"
MR2000,TZTFE20_BEST_STAGE_TEMP,"10,2,4, 5,15,10,11,15,14,9,11,5,12,4,4,10,4,5,10,10,2,1,1,6,10,2,3,10,10,6,2,6,2,1,1,10,10,50,1,12,50,12,50,12,8,50,20,6,100,100,4,23,23,23,12,10,09,10,10,18,10,11,11,11,250,02,11,11,02,10,10,11  ",/cfs/app/etl_p81/edw_apps_p81/azn_mr2000/files/srcfiles/daily/sfload,"ERSFRCQ.DWZSFE20.TZTFE20.NDMFILE.SFK.*.dat

","MLSTFE20
"
MR2000,TZTFE21_PRM_STAGE_TEMP,"10, 2, 4, 5, 15, 10, 11, 15, 14, 9, 11,5, 12, 4, 4, 10, 4, 5, 10 , 10, 2, 1, 1, 6,  10, 2, 3, 10, 10, 6, 2, 6, 2, 1, 1, 10, 10, 50, 1, 12, 50, 12, 50, 12, 8, 50, 20, 6, 100, 100, 4, 23, 23, 23 ",/cfs/app/etl_p81/edw_apps_p81/azn_mr2000/files/srcfiles/daily/sfload,"ERSFRCQ.DWZSFE21.TZTFE21.NDMFILE.SFK.*.dat

","MLSTFE21
"
MR2000,TZTFE23_ERIC_STAGE_TEMP,"10,2, 4, 5, 15,10,11,15,14,9, 11,9, 12,4, 4, 10,4, 5, 10,10,2, 1, 1, 6, 10,2, 3, 10,10,6, 2, 6, 2, 1, 1, 10,10,50,1, 12,50,12,50,12,8, 50,20,6, 100,100,4,23,23,23",/cfs/app/etl_p81/edw_apps_p81/azn_mr2000/files/srcfiles/monthly/sfload,ERSFRCQ.DTV.R.TZTFE23.SORT.NDMFILE.SFK.*.dat,MLSTFE23
NETWORK,TCTN010_TIRKS_CARRIER_FACILITY,"1,4,1,2,1,36,1,2,8,2,13,2,1,1,3,4,4,4,4,11,11,1,6,2,3,6,1,6,10,3,10,10,6,10,10,1,1,10,3,10,10,6,10,10,1,1,1,2,6,2,1,12,72,2,8,2,2,6,1,5,2,2,2,1,1,1",/cfs/app/etl_p81/edw_apps_p81/edwntk/files/srcfiles/daily/sfload,"DWPC.TZDWCX1.A.TCTN010.NDMFILE.SFK.*.DAT
DWPC.TZDWCX1.B.TCTN010.NDMFILE.SFK.*.DAT
DWPC.TZDWCX1.P.TCTN010.NDMFILE.SFK.*.DAT
DWPC.TZDWCX1.S.TCTN010.NDMFILE.SFK.*.DAT","MLATN010
MLBTN010
MLPTN010
MLSTN010"
NETWORK,tctn011_tirks_carrier_channel,"1,4,1,2,1,36,1,8,2,13,2,4,2,2,5,5,5,5,5,2,5,5,5,5,5,3,1,3,4",/cfs/app/etl_p81/edw_apps_p81/edwntk/files/srcfiles/daily/sfload,"DWPC.TZDWCX1.A.TCTN011.NDMFILE.SFK.*.DAT
DWPC.TZDWCX1.B.TCTN011.NDMFILE.SFK.*.DAT
DWPC.TZDWCX1.P.TCTN011.NDMFILE.SFK.*.DAT
DWPC.TZDWCX1.S.TCTN011.NDMFILE.SFK.*.DAT","MLATN011
MLBTN011
MLPTN011
MLSTN011"
NETWORK,tctn012_tirks_carrier_circuit,"1,4,1,2,1,36,1,8,2,13,2,4,1,8,3,1,1,1,45,8,2,1,1,2,14,14,11,11,8,4,4,2,13,2",/cfs/app/etl_p81/edw_apps_p81/edwntk/files/srcfiles/daily/sfload,"DWPC.TZDWCX1.A.TCTN012.NDMFILE.SFK.*.DAT
DWPC.TZDWCX1.B.TCTN012.NDMFILE.SFK.*.DAT
DWPC.TZDWCX1.P.TCTN012.NDMFILE.SFK.*.DAT
DWPC.TZDWCX1.S.TCTN012.NDMFILE.SFK.*.DAT","MLATN012
MLBTN012
MLPTN012
MLSTN012"
NETWORK,tctn013_tirks_carrier_owner,"1,4,1,2,1,6,1,8,2,13,2,4,3,6,8,1,1,4,6",/cfs/app/etl_p81/edw_apps_p81/edwntk/files/srcfiles/daily/sfload,"DWPC.TZDWCX1.A.TCTN013.NDMFILE.SFK.*.DAT
DWPC.TZDWCX1.B.TCTN013.NDMFILE.SFK.*.DAT
DWPC.TZDWCX1.P.TCTN013.NDMFILE.SFK.*.DAT
DWPC.TZDWCX1.S.TCTN013.NDMFILE.SFK.*.DAT","MLATN013
MLBTN013
MLPTN013
MLSTN013"
NETWORK,TCTN017_TIRKS_CKT_HEADER_LOOP,"1,4,1,2,2,8,13,2,3,10,10,3,5,5,20,20,20,20,50,11,4,2,5,5,5,5,4,4,2,4,6,4,4,1",/cfs/app/etl_p81/edw_apps_p81/edwntk/files/srcfiles/daily/sfload,"DWPC.TZDWCPX.A.TCTN017.NDMFILE.SFK.*.DAT
DWPC.TZDWCPX.B.TCTN017.NDMFILE.SFK.*.DAT
DWPC.TZDWCPX.P.TCTN017.NDMFILE.SFK.*.DAT
DWPC.TZDWCPX.S.TCTN017.NDMFILE.SFK.*.DAT","MLATN017
MLBTN017
MLPTN017
MLSTN017"
NETWORK,TCTN018_TIRKS_CKT_FCLTY_DETAIL,"1,4,1,2,2,8,13,1,3,1,2,11,11,1,2,13,10,6,5,5,27,8,23,8,23",/cfs/app/etl_p81/edw_apps_p81/edwntk/files/srcfiles/daily/sfload,"DWPC.TZDWCPX.A.TCTN018.NDMFILE.SFK.*.DAT
DWPC.TZDWPC1.B.TCTN018.NDMFILE.SFK.*.DAT
DWPC.TZDWCPX.P.TCTN018.NDMFILE.SFK.*.DAT
DWPC.TZDWCPX.S.TCTN018.NDMFILE.SFK.*.DAT
","MLATN018
MLBTN018
MLPTN018
MLSTN018"
NETWORK,TCTN019_TIRKS_TRUNK_CIRCUIT,"1,4,1,8,4,4,4,4",/cfs/app/etl_p81/edw_apps_p81/edwntk/files/srcfiles/daily/sfload,"DWPC.TZDWGN1.A.TCTN019.NDMFILE.SFK.*.DAT
DWPC.TZDWGN1.B.TCTN019.NDMFILE.SFK.*.DAT
DWPC.TZDWGN1.P.TCTN019.NDMFILE.SFK.*.DAT
DWPC.TZDWGN1.S.TCTN019.NDMFILE.SFK.*.DAT
","MLATN019
MLBTN019
MLPTN019
MLSTN019"
NETWORK,TCTN020_TIRKS_EQUIP_PROFILE,"1,4,1,2,11,10,10,6,6,4,4,2,1,2,11,1,1,1,1,4,4,1,1,12,5,2,4",/cfs/app/etl_p81/edw_apps_p81/edwntk/files/srcfiles/daily/sfload,"DWPC.TZDWEQ1.A.TCTN020.NDMFILE.SFK.*.DAT
DWPC.TZDWEQ1.B.TCTN020.NDMFILE.SFK.*.DAT
DWPC.TZDWEQ1.P.TCTN020.NDMFILE.SFK.*.DAT
DWPC.TZDWEQ1.S.TCTN020.NDMFILE.SFK.*.DAT
","MLATN020
MLBTN020
MLPTN020
MLSTN020"
NETWORK,TCTN022_TIRKS_EQUIP_CKT_ORDER,"1,4,1,2,11,10,10,6,10,3,8,1,10,3,8,1,10,3,8,1",/cfs/app/etl_p81/edw_apps_p81/edwntk/files/srcfiles/daily/sfload,"DWPC.TZDWEQ1.A.TCTN022.NDMFILE.SFK.*.DAT
DWPC.TZDWEQ1.B.TCTN022.NDMFILE.SFK.*.DAT
DWPC.TZDWEQ1.P.TCTN022.NDMFILE.SFK.*.DAT
DWPC.TZDWEQ1.S.TCTN022.NDMFILE.SFK.*.DAT
","MLATN022
MLBTN022
MLPTN022
MLSTN022"
NETWORK,TCTN024_TIRKS_EQUIP_FRAME_INFO,"1,4,1,2,11,10,10,5,3,1,2,2,5,5,5,5,7",/cfs/app/etl_p81/edw_apps_p81/edwntk/files/srcfiles/daily/sfload,"DWPC.TZDWEQ1.A.TCTN024.NDMFILE.SFK.*.DAT
DWPC.TZDWEQ1.B.TCTN024.NDMFILE.SFK.*.DAT
DWPC.TZDWEQ1.P.TCTN024.NDMFILE.SFK.*.DAT
DWPC.TZDWEQ1.S.TCTN024.NDMFILE.SFK.*.DAT
","MLATN024
MLBTN024
MLPTN024
MLSTN024"
NETWORK,TCTN025_TIRKS_EQUIP_ACCESS_PT,"1,4,1,2,11,10,10,6,2,6,10,8,35",/cfs/app/etl_p81/edw_apps_p81/edwntk/files/srcfiles/daily/sfload,"DWPC.TZDWEQ1.A.TCTN025.NDMFILE.SFK.*.DAT
DWPC.TZDWEQ1.B.TCTN025.NDMFILE.SFK.*.DAT
DWPC.TZDWEQ1.P.TCTN025.NDMFILE.SFK.*.DAT
DWPC.TZDWEQ1.S.TCTN025.NDMFILE.SFK.*.DAT
","MLATN025
MLBTN025
MLPTN025
MLSTN025"
NETWORK,TCTN026_TIRKS_LOCATION,"1,4,1,2,11,2,4,4,4,46,1,19,27,30,14,15,5,25,12,4,3,7,3,3,4,3,1,11,3,6,3,1,1,3,3,3,3,2,3,1,6,5,2,11,1,1,8,1,5,1,11,1,5,60,10",/cfs/app/etl_p81/edw_apps_p81/edwntk/files/srcfiles/daily/sfload,"DWPC.TZDWLO1.A.TCTN026.NDMFILE.SFK.*.DAT
DWPC.TZDWLO1.B.TCTN026.NDMFILE.SFK.*.DAT
DWPC.TZDWLO1.P.TCTN026.NDMFILE.SFK.*.DAT
DWPC.TZDWLO1.S.TCTN026.NDMFILE.SFK.*.DAT
","MLATN026
MLBTN026
MLPTN026
MLSTN026"
NETWORK,TCTN027_TIRKS_CABLE_FACILITY,"1,4,1,2,11,11,10,5,3,5,6,9,2,8,5,5,7,2,2,9,2,9,2,2,16,70,4,4,1,2,5,2,5,2,1,79,79,79,2,4,4,7,2,4,4,7,10,15,10,10,15,10,5",/cfs/app/etl_p81/edw_apps_p81/edwntk/files/srcfiles/daily/sfload,"DWPC.TZDWTX1.A.TCTN027.NDMFILE.SFK.*.DAT
DWPC.TZDWTX1.B.TCTN027.NDMFILE.SFK.*.DAT
DWPC.TZDWTX1.P.TCTN027.NDMFILE.SFK.*.DAT
DWPC.TZDWTX1.S.TCTN027.NDMFILE.SFK.*.DAT
","MLATN027
MLBTN027
MLPTN027
MLSTN027"
NETWORK,TCTN028_TIRKS_CABLE_FRAME,"1,4,1,2,11,11,10,5,3,3,5,5,1,3,2,5,5,5,1,1",/cfs/app/etl_p81/edw_apps_p81/edwntk/files/srcfiles/daily/sfload,"DWPC.TZDWTX1.A.TCTN028.NDMFILE.SFK.*.DAT
DWPC.TZDWTX1.B.TCTN028.NDMFILE.SFK.*.DAT
DWPC.TZDWTX1.P.TCTN028.NDMFILE.SFK.*.DAT
DWPC.TZDWTX1.S.TCTN028.NDMFILE.SFK.*.DAT
","MLATN028
MLBTN028
MLPTN028
MLSTN028"
NETWORK,TCTN029_TIRKS_CABLE_OWNER,"1,4,1,2,11,11,10,5,3,3,4,3,6",/cfs/app/etl_p81/edw_apps_p81/edwntk/files/srcfiles/daily/sfload,"DWPC.TZDWTX1.A.TCTN029.NDMFILE.SFK.*.DAT
DWPC.TZDWTX1.B.TCTN029.NDMFILE.SFK.*.DAT
DWPC.TZDWTX1.P.TCTN029.NDMFILE.SFK.*.DAT
DWPC.TZDWTX1.S.TCTN029.NDMFILE.SFK.*.DAT
","MLATN029
MLBTN029
MLPTN029
MLSTN029"
NETWORK,TCTN030_TIRKS_CABLE_DIV_OF_REV,"1,4,1,2,11,11,10,5,3,3,4,6",/cfs/app/etl_p81/edw_apps_p81/edwntk/files/srcfiles/daily/sfload,"DWPC.TZDWTX1.A.TCTN030.NDMFILE.SFK.*.DAT
DWPC.TZDWTX1.B.TCTN030.NDMFILE.SFK.*.DAT
DWPC.TZDWTX1.P.TCTN030.NDMFILE.SFK.*.DAT
DWPC.TZDWTX1.S.TCTN030.NDMFILE.SFK.*.DAT
","MLATN030
MLBTN030
MLPTN030
MLSTN030"
NETWORK,TCTN033_TIRKS_SPAN_FACILITY,"1,4,1,2,7,5,6,11,11,1,2,6,2,2,2,5,1,2,3,2,7,10,10,70,13,3,3,3,3,6,8,8,6,2,4,4,4,4,2",/cfs/app/etl_p81/edw_apps_p81/edwntk/files/srcfiles/daily/sfload,"DWPC.TZDWSP1.A.TCTN033.NDMFILE.SFK.*.DAT
DWPC.TZDWSP1.B.TCTN033.NDMFILE.SFK.*.DAT
DWPC.TZDWSP1.P.TCTN033.NDMFILE.SFK.*.DAT
DWPC.TZDWSP1.S.TCTN033.NDMFILE.SFK.*.DAT
","MLATN033
MLBTN033
MLPTN033
MLSTN033"
NETWORK,TCTN034_TIRKS_SPAN_LINE,"1,4,1,2,7,5,6,11,11,6,1,2,10,6,10,10,6,10,8,8,3,10,10,13,7,2,5,5,5,5,5,2,5,5,5,5,5",/cfs/app/etl_p81/edw_apps_p81/edwntk/files/srcfiles/daily/sfload,"DWPC.TZDWSP1.A.TCTN034.NDMFILE.SFK.*.DAT
DWPC.TZDWSP1.B.TCTN034.NDMFILE.SFK.*.DAT
DWPC.TZDWSP1.P.TCTN034.NDMFILE.SFK.*.DAT
DWPC.TZDWSP1.S.TCTN034.NDMFILE.SFK.*.DAT
","MLATN034
MLBTN034
MLPTN034
MLSTN034"
NETWORK,TCTN035_TIRKS_SPAN_CIRCUIT,"1,4,1,2,7,5,6,11,11,6,1,8,3,1,1,13,8,1,45,11,11,2",/cfs/app/etl_p81/edw_apps_p81/edwntk/files/srcfiles/daily/sfload,"DWPC.TZDWSP1.A.TCTN035.NDMFILE.SFK.*.DAT
DWPC.TZDWSP1.B.TCTN035.NDMFILE.SFK.*.DAT
DWPC.TZDWSP1.P.TCTN035.NDMFILE.SFK.*.DAT
DWPC.TZDWSP1.S.TCTN035.NDMFILE.SFK.*.DAT
","MLATN035
MLBTN035
MLPTN035
MLSTN035"
NETWORK,TCTN036_TIRKS_SPAN_CABLE_END,"1,4,1,2,7,5,6,11,11,6,8,1,6,11,1,10,5,10,5,8,1,10,5,10,5,8,5,10,10",/cfs/app/etl_p81/edw_apps_p81/edwntk/files/srcfiles/daily/sfload,"DWPC.TZDWSP1.A.TCTN036.NDMFILE.SFK.*.DAT
DWPC.TZDWSP1.B.TCTN036.NDMFILE.SFK.*.DAT
DWPC.TZDWSP1.P.TCTN036.NDMFILE.SFK.*.DAT
DWPC.TZDWSP1.S.TCTN036.NDMFILE.SFK.*.DAT
","MLATN036
MLBTN036
MLPTN036
MLSTN036"
NETWORK,TCTN037_TIRKS_SPAN_DESIGN,"1,4,1,2,7,5,6,11,11,8,1,6,11,2,8,8,8,5,107",/cfs/app/etl_p81/edw_apps_p81/edwntk/files/srcfiles/daily/sfload,"DWPC.TZDWSP1.A.TCTN037.NDMFILE.SFK.*.DAT
DWPC.TZDWSP1.B.TCTN037.NDMFILE.SFK.*.DAT
DWPC.TZDWSP1.P.TCTN037.NDMFILE.SFK.*.DAT
DWPC.TZDWSP1.S.TCTN037.NDMFILE.SFK.*.DAT
","MLATN037
MLBTN037
MLPTN037
MLSTN037"
NETWORK,TCTN038_TIRKS_SPAN_OWNER,"1,4,1,2,7,5,6,11,11,4,3,6,10,4",/cfs/app/etl_p81/edw_apps_p81/edwntk/files/srcfiles/daily/sfload,"DWPC.TZDWSP1.A.TCTN038.NDMFILE.SFK.*.DAT
DWPC.TZDWSP1.B.TCTN038.NDMFILE.SFK.*.DAT
DWPC.TZDWSP1.P.TCTN038.NDMFILE.SFK.*.DAT
DWPC.TZDWSP1.S.TCTN038.NDMFILE.SFK.*.DAT
","MLATN038
MLBTN038
MLPTN038
MLSTN038"
NETWORK,TCTN039_TIRKS_SPAN_DIV_OF_REV,"1,4,1,2,7,5,6,11,11,4,6",/cfs/app/etl_p81/edw_apps_p81/edwntk/files/srcfiles/daily/sfload,"DWPC.TZDWSP1.A.TCTN039.NDMFILE.SFK.*.DAT
DWPC.TZDWSP1.B.TCTN039.NDMFILE.SFK.*.DAT
DWPC.TZDWSP1.P.TCTN039.NDMFILE.SFK.*.DAT
DWPC.TZDWSP1.S.TCTN039.NDMFILE.SFK.*.DAT
","MLATN039
MLBTN039
MLPTN039
MLSTN039"
NETWORK,TCTN040_TIRKS_ORDER,"1,4,1,2,9,18,2,3,20,1,1,4,1,1,2,8,20,3,3,3,3,3,8,3,3,3,4,8,3,3,4,1,3,60,2,3,3,11,3,20,13,16,3,3,5,1,1,3,3,3,3,3,3,3,3,3,3,3,3,3,4,8,8,8,8,8,8,8,8,8,8,8,8,8,8,8,8,8,8,8,8,8,8,8,8,8,8,8,8,8,8,8,8,8,8,8,8,8,8,8,8,5,5,5,5,5,5,5,5,5,5,5,5,5,5,5,5,5,5",/cfs/app/etl_p81/edw_apps_p81/edwntk/files/srcfiles/daily/sfload,"DWPC.TZDWCC1.A.TCTN040.NDMFILE.SFK.*.DAT
DWPC.TZDWCC1.B.TCTN040.NDMFILE.SFK.*.DAT
DWPC.TZDWCC1.P.TCTN040.NDMFILE.SFK.*.DAT
DWPC.TZDWCC1.S.TCTN040.NDMFILE.SFK.*.DAT
","MLATN040
MLBTN040
MLPTN040
MLSTN040"
NETWORK,TCTN041_TIRKS_ORDER_CIRCUIT,"1,4,1,2,9,3,1,2,2,8,1,45,11,11,12,1,1,3,1,60,1,45,1,3,3,3,3,3,3,3,4,3,3,3,3,3,3,3,3,3,3,4,3,3,3,3,3,3,3,3,3,3,3,1,3,3,3,3,3,3,4,3,3,3,3,3,3,3,4,3,3,3,3,3,3,3,4,1,3,3,3,3,3,3,8,8,8,8,8,8,8,8,8,8,8,8,8,8,8,8,8,8,8,8,8,8,8,8,8,8,8,8,8,8,8,8,8,8,8,8,8,8,8,8,8,8,8,8,8,8,8,8,8,8,8,5,5,5,5,5,5,5,5,5,5,5,5,5,5,5,5,5,5,5,5,5",/cfs/app/etl_p81/edw_apps_p81/edwntk/files/srcfiles/daily/sfload,"DWPC.TZDWCC1.A.TCTN041.NDMFILE.SFK.*.DAT
DWPC.TZDWCC1.B.TCTN041.NDMFILE.SFK.*.DAT
DWPC.TZDWCC1.P.TCTN041.NDMFILE.SFK.*.DAT
DWPC.TZDWCC1.S.TCTN041.NDMFILE.SFK.*.DAT
","MLATN041
MLBTN041
MLPTN041
MLSTN041"
NETWORK,TCTN042_TIRKS_ORDER_CKT_LEG,"1,4,1,2,9,3,4,11,2,1,3,3,3,3,3,3,3,3,3,3,3,3,3,3,3,3,3,3,3,3,3,3,3,3,3,3,3,3,3,3,3,1,3,3,3,3,3,3,3,8,8,8,8,8,8,8,8,8,8,8,8,8,8,8,8,8,8,8,8,8,8,8,8,5,5,5,5,5,5,5",/cfs/app/etl_p81/edw_apps_p81/edwntk/files/srcfiles/daily/sfload,"DWPC.TZDWCC1.A.TCTN042.NDMFILE.SFK.*.DAT
DWPC.TZDWCC1.B.TCTN042.NDMFILE.SFK.*.DAT
DWPC.TZDWCC1.P.TCTN042.NDMFILE.SFK.*.DAT
DWPC.TZDWCC1.S.TCTN042.NDMFILE.SFK.*.DAT
","MLATN042
MLBTN042
MLPTN042
MLSTN042"
NETWORK,TCTN043_TIRKS_ORDER_SUPPLEMENT,"1,4,1,2,9,2,1,8,8,8,3,3,34",/cfs/app/etl_p81/edw_apps_p81/edwntk/files/srcfiles/daily/sfload,"DWPC.TZDWCC1.A.TCTN043.NDMFILE.SFK.*.DAT
DWPC.TZDWCC1.B.TCTN043.NDMFILE.SFK.*.DAT
DWPC.TZDWCC1.P.TCTN043.NDMFILE.SFK.*.DAT
DWPC.TZDWCC1.S.TCTN043.NDMFILE.SFK.*.DAT
","MLATN043
MLBTN043
MLPTN043
MLSTN043"
NETWORK,TCTN044_TIRKS_ORDER_CKT_FAMILY,"1,4,1,2,9,3,2,2,8,45,3,3,3,3,8,8,8",/cfs/app/etl_p81/edw_apps_p81/edwntk/files/srcfiles/daily/sfload,"DWPC.TZDWCC1.A.TCTN044.NDMFILE.SFK.*.DAT
DWPC.TZDWCC1.B.TCTN044.NDMFILE.SFK.*.DAT
DWPC.TZDWCC1.P.TCTN044.NDMFILE.SFK.*.DAT
DWPC.TZDWCC1.S.TCTN044.NDMFILE.SFK.*.DAT
","MLATN044
MLBTN044
MLPTN044
MLSTN044"
NETWORK,TCTN045_TIRKS_ORDER_NOTE,"1,4,1,2,9,3,3,3,68,8,4,3,8",/cfs/app/etl_p81/edw_apps_p81/edwntk/files/srcfiles/daily/sfload,"DWPC.TZDWGC1.A.TCTN045.NDMFILE.SFK.*.DAT
DWPC.TZDWGC1.P.TCTN045.NDMFILE.SFK.*.DAT
DWPC.TZDWGC1.S.TCTN045.NDMFILE.SFK.*.DAT
","MLATN045
MLPTN045
MLSTN045"
NETWORK,TCTN046_TIRKS_GROUP,"1,4,1,2,2,8,5,4,4,4,4,4,4,20,11,9,9,5,20,4,4,1,11,4,11",/cfs/app/etl_p81/edw_apps_p81/edwntk/files/srcfiles/daily/sfload,"DWPC.TZDWGP1.A.TCTN046.NDMFILE.SFK.*.DAT
DWPC.TZDWGP1.B.TCTN046.NDMFILE.SFK.*.DAT
DWPC.TZDWGP1.P.TCTN046.NDMFILE.SFK.*.DAT
DWPC.TZDWGP1.S.TCTN046.NDMFILE.SFK.*.DAT
","MLATN046
MLBTN046
MLPTN046
MLSTN046"
NETWORK,TCTN047_TIRKS_GROUP_CIRCUIT,"1,4,1,2,2,8,1,2,1,45,11,11,8",/cfs/app/etl_p81/edw_apps_p81/edwntk/files/srcfiles/daily/sfload,"DWPC.TZDWGP1.A.TCTN047.NDMFILE.SFK.*.DAT
DWPC.TZDWGP1.B.TCTN047.NDMFILE.SFK.*.DAT
DWPC.TZDWGP1.P.TCTN047.NDMFILE.SFK.*.DAT
DWPC.TZDWGP1.S.TCTN047.NDMFILE.SFK.*.DAT
","MLATN047
MLBTN047
MLPTN047
MLSTN047"
USAGE,TCLU005_USAGE_DELETE_KEY,"1,1,2,2,4,1,9,3,15,15,8,6",/cfs/app/etl_p26/ecdw_apps_p26/edwusg/files/srcfiles/daily/sfload,"DWPC.DW075.TCLU005.NDMFILE.SFK.*.DAT
",MLCLU005
NETWORK,TCAN707_PRVDR_VIRTUAL_CHANNEL,"1,1,8,4,10,10,9,4,8,8,8,5",/cfs/app/etl_p81/edw_apps_p81/edwntk/files/srcfiles/daily/sfload,"DWPC.LEADFREE.L.TCAN707.NDMFILE.SFK.*.dat
",MLCAN707
NETWORK,TCCN178_TIRKS_FLD_ASSTNC_NOTE,"1,4,1,2,2,8,4,8,6,8,1,1360",/cfs/app/etl_p81/edw_apps_p81/edwntk/files/srcfiles/daily/sfload,"DWPC.TZDWFA1.L.TCCN178.NDMFILE.SFK.*.DAT
",MLCCN178
NETWORK,TCCN180_TIRKS_CARRIER_MAKEUP,"1,4,1,2,1,36,1,8,2,13,2,11,2,10,5,5,4,4,2,4,6,5,5,230",/cfs/app/etl_p81/edw_apps_p81/edwntk/files/srcfiles/daily/sfload,"DWPC.TZDWCX1.L.TCCN180.NDMFILE.SFK.*.DAT
",MLCCN180
NETWORK,TCCN305_CENTRAL_OFFICE_DSLAM,"1,6,19,2,8,19,20,8,3,5,19,8,12,30,22,6,6",/cfs/app/etl_p81/edw_apps_p81/edwntk/files/srcfiles/weekly/sfload,"DWPC.DW806A1C.C.TCCN305.NDMFILE.SFK.*.DAT
",MLCCN305
NETWORK,TCCN350_LCL_NBR_PTBLTY_SBSCPTN,"1,1,1,1,3,3,4,4,10,8,6,8,6,4
1,1,1,1,3,3,4,4,10,8,6,8,6,4
1,1,1,1,3,3,4,4,10,8,6,8,6,4",/cfs/app/etl_p81/edw_apps_p81/edwntk/files/srcfiles/daily/sfload,"DWPC.DW370.A.TCCN350.NDMFILE.SFK.*.DAT
DWPC.DW370.S.TCCN350.NDMFILE.SFK.*.DAT
DWPC.DW370.U.TCCN350.NDMFILE.SFK.*.DAT
DWPC.DW370.P.TCCN350.NDMFILE.SFK.*.DAT","MLACN350
MLSCN350
MLUCN350"
NETWORK,TCCN351_WORK,"1,4,4,40",/cfs/app/etl_p81/edw_apps_p81/edwntk/files/srcfiles/daily/sfload,"DWPC.DW371.TCCN351.NDMFILE.SFK.*.DAT
",MLCCN351
NETWORK,"1,4,1,2,11,11,10,5,3,2,2,6,6,3,3,4,4,3,1,1,4,3,2,4,6,30,7","1,4,1,2,11,11,10,5,3,2,2,6,6,3,3,4,4,3,3,1,1,4,3,2,4,6,30,7",/cfs/app/etl_p81/edw_apps_p81/edwntk/files/srcfiles/daily/sfload,"DWPC.TZDWTX1.L.TCCN732.NDMFILE.SFK.*.DAT
",MLCCN732
NETWORK,TCCN845_IP_SUBRANGE_CNTNMT,"1,9,9",/cfs/app/etl_p81/edw_apps_p81/edwntk/files/srcfiles/daily/sfload,"DWPC.GRANITE.C.TCCN845.NDMFILE.SFK.*.DAT
",MLCCN845
NETWORK,TCCN846_IP_SUBRANGE_DOMAIN,"1,9,9",/cfs/app/etl_p81/edw_apps_p81/edwntk/files/srcfiles/daily/sfload,"DWPC.GRANITE.C.TCCN846.NDMFILE.SFK.*.DAT
",MLCCN846
NETWORK,TCCN847_NETWORK_COMPONENT,"1,9,2,52",/cfs/app/etl_p81/edw_apps_p81/edwntk/files/srcfiles/daily/sfload,"DWPC.GRANITE.C.TCCN847.NDMFILE.SFK.*.DAT
",MLCCN847
NETWORK,TCCN848_NETWORK_EQUIPMENT_MFR,"1,9,1,50,30,100,30,30,150,30,30,50,10,30",/cfs/app/etl_p81/edw_apps_p81/edwntk/files/srcfiles/daily/sfload,"DWPC.GRANITE.C.TCCN848.NDMFILE.SFK.*.DAT
",MLCCN848
NETWORK,TCCN849_PATH_PARAMETER,"1,9,50,5,5,1,1,1,4,64,2,2,1,1,100,1,10,1,50,50,1",/cfs/app/etl_p81/edw_apps_p81/edwntk/files/srcfiles/daily/sfload,"DWPC.GRANITE.C.TCCN849.NDMFILE.SFK.*.DAT
",MLCCN849
NETWORK,TCCN850_USER_CLASS,"1,9,255,9,6",/cfs/app/etl_p81/edw_apps_p81/edwntk/files/srcfiles/daily/sfload,"DWPC.GRANITE.C.TCCN850.NDMFILE.SFK.*.DAT
",MLCCN850
NETWORK,TCCN851_USER_CLASS_ASSOCIATION,"1,9,9,9,9",/cfs/app/etl_p81/edw_apps_p81/edwntk/files/srcfiles/daily/sfload,"DWPC.GRANITE.C.TCCN851.NDMFILE.SFK.*.DAT
",MLCCN851
NETWORK,TCCN852_USER_CLASS_ATTR_DFNTN,"1,9,255,9",/cfs/app/etl_p81/edw_apps_p81/edwntk/files/srcfiles/daily/sfload,"DWPC.GRANITE.C.TCCN852.NDMFILE.SFK.*.DAT
",MLCCN852
NETWORK,TCCN854_USER_CLASS_DEFINITION,"1,9,255,9",/cfs/app/etl_p81/edw_apps_p81/edwntk/files/srcfiles/daily/sfload,"DWPC.GRANITE.C.TCCN854.NDMFILE.SFK.*.DAT
",MLCCN854
NETWORK,TCCN856_USER_CLASS_ROLE,"1,9,9,9,9",/cfs/app/etl_p81/edw_apps_p81/edwntk/files/srcfiles/daily/sfload,"DWPC.GRANITE.C.TCCN856.NDMFILE.SFK.*.DAT
",MLCCN856
NETWORK,TCCN857_USER_CLASS_ROLE_DFNTN,"1,9,255,9,9,9",/cfs/app/etl_p81/edw_apps_p81/edwntk/files/srcfiles/daily/sfload,"DWPC.GRANITE.C.TCCN857.NDMFILE.SFK.*.DAT
",MLCCN857
NETWORK,TCCN858_USER_CLS_ASSOCTN_DFNTN,"1,9,255,9,9,9,9",/cfs/app/etl_p81/edw_apps_p81/edwntk/files/srcfiles/daily/sfload,"DWPC.GRANITE.C.TCCN858.NDMFILE.SFK.*.DAT
",MLCCN858
NETWORK,TCCN859_USR_CLS_ATTR_GRP_DFNTN,"1,9,255,9",/cfs/app/etl_p81/edw_apps_p81/edwntk/files/srcfiles/daily/sfload,"DWPC.GRANITE.C.TCCN859.NDMFILE.SFK.*.DAT
",MLCCN859
NETWORK,TCCN860_MFR_SERIALIZED_CPE,,/cfs/app/etl_p81/edw_apps_p81/edwntk/files/srcfiles/daily/sfload,"DWPC.DW430A1C.C.TCCN860.NDMFILE.SFK.*.DAT
",MLCCN860
NETWORK,TCCN861_BILLING_ACCOUNT_CKT,"1,1,10,19,19,35,6,19,18,20,30,200,1",/cfs/app/etl_p81/edw_apps_p81/edwntk/files/srcfiles/daily/sfload,"DWPC.DW420A3C.C.TCCN861.NDMFILE.SFK.*.DAT
",MLCCN861
NETWORK,TCCN862_BLG_ACCT_TV_RCVR,"1,1,10,36,19,19,1",/cfs/app/etl_p81/edw_apps_p81/edwntk/files/srcfiles/daily/sfload,"DWPC.DW420A3C.C.TCCN862.NDMFILE.SFK.*.DAT
",MLCCN862
NETWORK,TCCN863_EXCEPTION_EVENT_HIST,"1,16,10,10,20,19,8,8,2,30,16,15,8,25,1,6,10,20,6,20,20,20",/cfs/app/etl_p81/edw_apps_p81/edwntk/files/srcfiles/daily/sfload,"DWPC.DW460.C.TCCN863.NDMFILE.SFK.*.DAT
",MLCCN863
NETWORK,TCCN864_EXCEPTION_NOTE,"1,16,10,10,10,20,10,19,128,1,1,4000",/cfs/app/etl_p81/edw_apps_p81/edwntk/files/srcfiles/daily/sfload,"DWPC.DW460.C.TCCN864.NDMFILE.SFK.*.DAT
",MLCCN864
CUSTOMER,TCXC503_WT,"1,1,10,8,8,30,30,50,50,50,2,5,1",/cfs/app/etl_p14/ecdw_apps_p14/mftlcs/files/srcfiles/daily/sfload,DWPC.DWJ030C0.C.TCXC503.NDMFILE.SFK.*.DAT,MLCXC503
CUSTOMER,TSLC009_CUST_HIERARCHY_ROLE,"1,1,3,1,9,8,6,8,6,10,6,5,5,5,3,2,6,6,40,256,256,11,345",/cfs/app/etl_p14/ecdw_apps_p14/mftlcs/files/srcfiles/daily/sfload,DWPC.DW075.TSLC009.NDMFILE.SFK.*.DAT,MLSLC009
CUSTOMER,TSLC016_CUST_CUSTOMIZE_FEATURE,"1,1,3,1,13,8,6,8,6,10,6,5,5,60,10,6,8,6,8,6,12,12,4,10,284",/cfs/app/etl_p14/ecdw_apps_p14/mftlcs/files/srcfiles/daily/sfload,DWPC.DW075.TSLC016.NDMFILE.SFK.*.DAT,MLSLC016
CUSTOMER,TSLC017_CUSTOMER_DEMOGRAPHIC,"1,1,3,1,1,9,8,6,8,6,10,6,10,6,5,5,1,1,1,3,4,6,4,3,3,1,2,5,1,1,1,2,2,1,1,2,2,1",/cfs/app/etl_p14/ecdw_apps_p14/mftlcs/files/srcfiles/daily/sfload,DWPC.DW075.TSLC017.NDMFILE.SFK.*.DAT,MLSLC017
CUSTOMER,TSLC019_CUSTOMER_MEMO,"1,1,3,1,1,9,10,8,6,8,6,10,6,5,5,8,6,4,16,2,2000,2000,1,4,13,3,11,3,338
",/cfs/app/etl_p14/ecdw_apps_p14/mftlcs/files/srcfiles/daily/sfload,"DWPC.DW075.CW.TSLC019.NDMFILE.SFK.*.DAT
DWPC.DW075.BL.TSLC019.NDMFILE.SFK.*.DAT
DWPC.DW075.PB.TSLC019.NDMFILE.SFK.*.DAT
DWPC.DW075.ST.TSLC019.NDMFILE.SFK.*.DAT
DWPC.DW075.AM.TSLC019.NDMFILE.SFK.*.DAT
DWPC.DW075.CT.TSLC019.NDMFILE.SFK.*.DAT",MLSLC19G
CUSTOMER,TSLC027_CUST_PROD_ASSIGNMENT,"1,1,3,1,016,2,1,9,8,6,8,6,010,6,5,5,8,6,8,6,1,8,6,3,4,1,9,3,1,1,1,1,8,6,8,6,8,6,8,6,3,4,1,4,3,9,013,016,8,6,016,8,6,1,9,8,6,1,9,8,6,8,6,6,8,6,1,013,1,1,4,3,3,4,3,1,1,1,8,6,8,6,1,1,016,016,1,010,5,5,1,012,1,1,2,6,010,5,2,2,4,4,1,030,8,6,1,010,011,8,6,8,6,1,1,1,1,1,1,1,020,020,8,6,8,6,8,6,1,1,8,6,2,9,3,1,044,044,060,060,020,020,044,025,029,020,028,040,020,010,8,6,8,6,4,8,6,8,6,1,8,6,010,8,1,8,6,1,1,8,6,4,025,4,1,1,4,4,1,1,8,6,1,1,1,8,3,010,020,1,1,020,8,6,1,8,6,016,1,020,020,8,6,055,030,4,8,6,1,1,016,1,1,2,4,010,1,010,020,8,6,8,6,1,8,6,1,4,1,8,6,1,1,016,128,030,1,1,030,053,1,1,010,4,013,2,6,8",/cfs/app/etl_p14/ecdw_apps_p14/mftlcs/files/srcfiles/daily/sfload,"DWPC.DW075.AM.TSLC027.NDMFILE.*.dat
","MLSLC27A
"